,season,playerId,Player,positionCode,gamesPlayed,ot_goals,goals_down_by_one,goals_when_tied,ot_goals_per_game,goals_down_by_one_per_game,goals_when_tied_per_game,clutch_score,log,log_adjusted
12,2021-2022,8470621,Corey Perry,R,82,0,5.0,2.0,0.0,0.06097560975609756,0.024390243902439025,3.5975609756097557,1.5255259401837578,15.26
13,2022-2023,8470621,Corey Perry,R,81,0,4.0,1.0,0.0,0.04938271604938271,0.012345679012345678,2.6543209876543212,1.2959102996516216,12.96
14,2023-2024,8470621,Corey Perry,R,54,0,3.0,2.0,0.0,0.05555555555555555,0.037037037037037035,3.7962962962962963,1.5678440151352633,15.68
23,2021-2022,8471214,Alex Ovechkin,L,77,0,8.0,12.0,0.0,0.1038961038961039,0.15584415584415584,10.129870129870131,2.409632496744096,24.1
24,2022-2023,8471214,Alex Ovechkin,L,73,1,2.0,12.0,0.0136986301369863,0.0273972602739726,0.1643835616438356,7.260273972602739,2.1114577555787943,21.11
25,2023-2024,8471214,Alex Ovechkin,L,79,1,2.0,7.0,0.012658227848101266,0.02531645569620253,0.08860759493670886,4.493670886075949,1.7035966816333834,17.04
26,2021-2022,8471215,Evgeni Malkin,C,41,1,3.0,6.0,0.024390243902439025,0.07317073170731707,0.14634146341463414,8.902439024390244,2.292781092897425,22.93
27,2022-2023,8471215,Evgeni Malkin,C,82,0,9.0,9.0,0.0,0.10975609756097561,0.10975609756097561,8.780487804878048,2.2803893606022614,22.8
28,2023-2024,8471215,Evgeni Malkin,C,82,0,6.0,6.0,0.0,0.07317073170731707,0.07317073170731707,5.853658536585366,1.924782602629438,19.25
38,2021-2022,8471675,Sidney Crosby,C,69,1,6.0,7.0,0.014492753623188406,0.08695652173913043,0.10144927536231885,7.753623188405798,2.1694676933375554,21.69
39,2022-2023,8471675,Sidney Crosby,C,82,1,5.0,16.0,0.012195121951219513,0.06097560975609756,0.1951219512195122,9.817073170731707,2.3811257350453263,23.81
40,2023-2024,8471675,Sidney Crosby,C,82,0,6.0,15.0,0.0,0.07317073170731707,0.18292682926829268,9.695121951219512,2.36978774510793,23.7
41,2021-2022,8471685,Anze Kopitar,C,81,0,3.0,7.0,0.0,0.037037037037037035,0.08641975308641975,4.6913580246913575,1.7389488883242097,17.39
42,2022-2023,8471685,Anze Kopitar,C,82,0,6.0,8.0,0.0,0.07317073170731707,0.0975609756097561,6.707317073170732,2.0421701468826043,20.42
43,2023-2024,8471685,Anze Kopitar,C,81,0,4.0,6.0,0.0,0.04938271604938271,0.07407407407407407,4.814814814814815,1.760408939343979,17.6
58,2021-2022,8473419,Brad Marchand,L,70,1,6.0,11.0,0.014285714285714285,0.08571428571428572,0.15714285714285714,9.642857142857144,2.364888976330201,23.65
59,2022-2023,8473419,Brad Marchand,L,73,0,2.0,7.0,0.0,0.0273972602739726,0.0958904109589041,4.58904109589041,1.7208077332557705,17.21
60,2023-2024,8473419,Brad Marchand,L,82,2,6.0,11.0,0.024390243902439025,0.07317073170731707,0.13414634146341464,8.475609756097562,2.2487211031033945,22.49
77,2021-2022,8473512,Claude Giroux,R,75,0,5.0,11.0,0.0,0.06666666666666667,0.14666666666666667,8.133333333333333,2.211930724725915,22.12
78,2022-2023,8473512,Claude Giroux,R,82,1,6.0,12.0,0.012195121951219513,0.07317073170731707,0.14634146341463414,8.658536585365853,2.2678421445501726,22.68
79,2023-2024,8473512,Claude Giroux,R,82,1,2.0,6.0,0.012195121951219513,0.024390243902439025,0.07317073170731707,3.902439024390244,1.589732841354768,15.9
80,2021-2022,8473533,Jordan Staal,C,78,0,3.0,2.0,0.0,0.038461538461538464,0.02564102564102564,2.628205128205128,1.2887380709536458,12.89
81,2022-2023,8473533,Jordan Staal,C,81,0,3.0,4.0,0.0,0.037037037037037035,0.04938271604938271,3.3950617283950617,1.4804815761795918,14.8
82,2023-2024,8473533,Jordan Staal,C,80,0,3.0,4.0,0.0,0.0375,0.05,3.4375000000000004,1.490091154801534,14.9
93,2021-2022,8473986,Alex Killorn,L,82,0,10.0,4.0,0.0,0.12195121951219512,0.04878048780487805,7.1951219512195115,2.1035390932588967,21.04
94,2022-2023,8473986,Alex Killorn,L,82,2,4.0,11.0,0.024390243902439025,0.04878048780487805,0.13414634146341464,7.378048780487806,2.125615044958096,21.26
95,2023-2024,8473986,Alex Killorn,L,63,1,3.0,5.0,0.015873015873015872,0.047619047619047616,0.07936507936507936,5.238095238095237,1.8306748854777284,18.31
96,2021-2022,8473994,Jamie Benn,L,82,2,2.0,7.0,0.024390243902439025,0.024390243902439025,0.08536585365853659,4.573170731707317,1.7179641436299515,17.18
97,2022-2023,8473994,Jamie Benn,L,82,0,9.0,8.0,0.0,0.10975609756097561,0.0975609756097561,8.353658536585366,2.235767554103003,22.36
98,2023-2024,8473994,Jamie Benn,L,82,0,3.0,7.0,0.0,0.036585365853658534,0.08536585365853659,4.634146341463414,1.7288456438174857,17.29
105,2021-2022,8474037,James van Riemsdyk,L,82,0,6.0,8.0,0.0,0.07317073170731707,0.0975609756097561,6.707317073170732,2.0421701468826043,20.42
106,2022-2023,8474037,James van Riemsdyk,L,61,0,4.0,4.0,0.0,0.06557377049180328,0.06557377049180328,5.245901639344262,1.8319255109533896,18.32
107,2023-2024,8474037,James van Riemsdyk,L,71,0,3.0,5.0,0.0,0.04225352112676056,0.07042253521126761,4.366197183098591,1.6801194980853855,16.8
124,2021-2022,8474141,Patrick Kane,R,78,0,5.0,9.0,0.0,0.0641025641025641,0.11538461538461539,6.923076923076923,2.069779630768099,20.7
125,2022-2023,8474141,Patrick Kane,R,73,0,6.0,7.0,0.0,0.0821917808219178,0.0958904109589041,7.054794520547944,2.0862675067502354,20.86
126,2023-2024,8474141,Patrick Kane,R,50,3,5.0,9.0,0.06,0.1,0.18,12.000000000000002,2.5649493574615367,25.65
127,2021-2022,8474149,Evgenii Dadonov,L,78,2,2.0,6.0,0.02564102564102564,0.02564102564102564,0.07692307692307693,4.3589743589743595,1.6787726058351646,16.79
128,2022-2023,8474149,Evgenii Dadonov,L,73,0,1.0,1.0,0.0,0.0136986301369863,0.0136986301369863,1.095890410958904,0.7399784802440443,7.4
129,2023-2024,8474149,Evgenii Dadonov,L,51,0,3.0,4.0,0.0,0.058823529411764705,0.0784313725490196,5.3921568627450975,1.8550717486423818,18.55
130,2021-2022,8474150,Mikael Backlund,C,82,0,1.0,2.0,0.0,0.012195121951219513,0.024390243902439025,1.4024390243902438,0.8764844814737354,8.76
131,2022-2023,8474150,Mikael Backlund,C,82,1,3.0,9.0,0.012195121951219513,0.036585365853658534,0.10975609756097561,5.731707317073171,1.9068287990128423,19.07
132,2023-2024,8474150,Mikael Backlund,C,82,0,2.0,3.0,0.0,0.024390243902439025,0.036585365853658534,2.3780487804878048,1.2172982589230854,12.17
145,2021-2022,8474564,Steven Stamkos,C,81,3,3.0,19.0,0.037037037037037035,0.037037037037037035,0.2345679012345679,10.617283950617281,2.4524939849129406,24.52
146,2022-2023,8474564,Steven Stamkos,C,81,2,7.0,15.0,0.024691358024691357,0.08641975308641975,0.18518518518518517,10.864197530864198,2.473525254297854,24.74
147,2023-2024,8474564,Steven Stamkos,C,79,0,13.0,6.0,0.0,0.16455696202531644,0.0759493670886076,10.063291139240507,2.403632523188514,24.04
150,2021-2022,8474586,Jordan Eberle,R,79,0,4.0,7.0,0.0,0.05063291139240506,0.08860759493670886,5.379746835443037,1.853128415604347,18.53
151,2022-2023,8474586,Jordan Eberle,R,82,1,5.0,9.0,0.012195121951219513,0.06097560975609756,0.10975609756097561,6.829268292682928,2.0578690564257083,20.58
152,2023-2024,8474586,Jordan Eberle,R,78,1,5.0,4.0,0.01282051282051282,0.0641025641025641,0.05128205128205128,4.935897435897436,1.7810182273966424,17.81
179,2021-2022,8475149,Marcus Johansson,L,69,0,3.0,2.0,0.0,0.043478260869565216,0.028985507246376812,2.971014492753623,1.3790216017908108,13.79
180,2022-2023,8475149,Marcus Johansson,L,80,1,2.0,10.0,0.0125,0.025,0.125,5.75,1.9095425048844386,19.1
181,2023-2024,8475149,Marcus Johansson,L,78,0,4.0,3.0,0.0,0.05128205128205128,0.038461538461538464,3.653846153846154,1.5376940075752592,15.38
182,2021-2022,8475151,Kyle Palmieri,C,69,0,4.0,6.0,0.0,0.057971014492753624,0.08695652173913043,5.6521739130434785,1.8949437054632858,18.95
183,2022-2023,8475151,Kyle Palmieri,C,55,0,3.0,6.0,0.0,0.05454545454545454,0.10909090909090909,6.272727272727272,1.984131361875511,19.84
184,2023-2024,8475151,Kyle Palmieri,C,82,1,7.0,9.0,0.012195121951219513,0.08536585365853659,0.10975609756097561,7.926829268292685,2.189061266697059,21.89
185,2021-2022,8475158,Ryan O'Reilly,C,78,0,4.0,3.0,0.0,0.05128205128205128,0.038461538461538464,3.653846153846154,1.5376940075752592,15.38
186,2022-2023,8475158,Ryan O'Reilly,C,53,1,1.0,4.0,0.018867924528301886,0.018867924528301886,0.07547169811320754,3.8679245283018866,1.5826676713694954,15.83
187,2023-2024,8475158,Ryan O'Reilly,C,82,0,6.0,7.0,0.0,0.07317073170731707,0.08536585365853659,6.280487804878049,1.985197866128349,19.85
195,2021-2022,8475166,John Tavares,C,79,0,7.0,3.0,0.0,0.08860759493670886,0.0379746835443038,5.316455696202532,1.8431582432844973,18.43
196,2022-2023,8475166,John Tavares,C,80,1,6.0,16.0,0.0125,0.075,0.2,10.625,2.45315795147342,24.53
197,2023-2024,8475166,John Tavares,C,80,1,6.0,11.0,0.0125,0.075,0.1375,8.4375,2.244691114575143,22.45
198,2021-2022,8475168,Matt Duchene,C,78,3,9.0,11.0,0.038461538461538464,0.11538461538461539,0.14102564102564102,10.897435897435898,2.476322906096609,24.76
199,2022-2023,8475168,Matt Duchene,C,71,1,2.0,8.0,0.014084507042253521,0.028169014084507043,0.11267605633802817,5.492957746478874,1.8707181659553331,18.71
200,2023-2024,8475168,Matt Duchene,C,80,2,4.0,9.0,0.025,0.05,0.1125,6.6875,2.0395956331326364,20.4
204,2021-2022,8475170,Brayden Schenn,C,62,1,5.0,9.0,0.016129032258064516,0.08064516129032258,0.14516129032258066,9.032258064516128,2.3058057076940877,23.06
205,2022-2023,8475170,Brayden Schenn,C,82,1,2.0,7.0,0.012195121951219513,0.024390243902439025,0.08536585365853659,4.329268292682928,1.6732139478313373,16.73
206,2023-2024,8475170,Brayden Schenn,C,82,2,2.0,7.0,0.024390243902439025,0.024390243902439025,0.08536585365853659,4.573170731707317,1.7179641436299515,17.18
207,2021-2022,8475172,Nazem Kadri,C,71,0,3.0,9.0,0.0,0.04225352112676056,0.1267605633802817,6.338028169014084,1.9930701647120515,19.93
208,2022-2023,8475172,Nazem Kadri,C,82,0,3.0,9.0,0.0,0.036585365853658534,0.10975609756097561,5.487804878048781,1.8699242420773914,18.7
209,2023-2024,8475172,Nazem Kadri,C,82,2,7.0,9.0,0.024390243902439025,0.08536585365853659,0.10975609756097561,8.170731707317074,2.2160170766855867,22.16
212,2021-2022,8475184,Chris Kreider,L,81,0,7.0,14.0,0.0,0.08641975308641975,0.1728395061728395,9.93827160493827,2.392267795932642,23.92
213,2022-2023,8475184,Chris Kreider,L,79,1,4.0,11.0,0.012658227848101266,0.05063291139240506,0.13924050632911392,7.40506329113924,2.128834297009412,21.29
214,2023-2024,8475184,Chris Kreider,L,82,1,8.0,11.0,0.012195121951219513,0.0975609756097561,0.13414634146341464,9.329268292682928,2.3349814473878014,23.35
240,2021-2022,8475314,Anders Lee,L,76,0,4.0,7.0,0.0,0.05263157894736842,0.09210526315789473,5.592105263157894,1.8858727607985335,18.86
241,2022-2023,8475314,Anders Lee,L,82,0,4.0,13.0,0.0,0.04878048780487805,0.15853658536585366,7.7439024390243905,2.1683565933353672,21.68
242,2023-2024,8475314,Anders Lee,L,81,0,5.0,4.0,0.0,0.06172839506172839,0.04938271604938271,4.506172839506172,1.7058697973476251,17.06
250,2021-2022,8475692,Mats Zuccarello,R,70,0,7.0,4.0,0.0,0.1,0.05714285714285714,6.5,2.0149030205422647,20.15
251,2022-2023,8475692,Mats Zuccarello,R,78,1,4.0,7.0,0.01282051282051282,0.05128205128205128,0.08974358974358974,5.705128205128205,1.902872637375331,19.03
252,2023-2024,8475692,Mats Zuccarello,R,69,0,5.0,2.0,0.0,0.07246376811594203,0.028985507246376812,4.275362318840579,1.663047363039481,16.63
256,2021-2022,8475722,Jason Zucker,L,41,0,3.0,0.0,0.0,0.07317073170731707,0.0,3.2926829268292686,1.456911928333844,14.57
257,2022-2023,8475722,Jason Zucker,L,78,1,1.0,13.0,0.01282051282051282,0.01282051282051282,0.16666666666666666,6.666666666666667,2.03688192726104,20.37
258,2023-2024,8475722,Jason Zucker,L,69,0,3.0,3.0,0.0,0.043478260869565216,0.043478260869565216,3.4782608695652173,1.499234772300486,14.99
259,2021-2022,8475726,Tyler Toffoli,C,74,0,2.0,2.0,0.0,0.02702702702702703,0.02702702702702703,2.1621621621621623,1.1512560221535317,11.51
260,2022-2023,8475726,Tyler Toffoli,C,82,2,7.0,10.0,0.024390243902439025,0.08536585365853659,0.12195121951219512,8.597560975609756,2.2615090011531502,22.62
261,2023-2024,8475726,Tyler Toffoli,C,79,1,2.0,9.0,0.012658227848101266,0.02531645569620253,0.11392405063291139,5.379746835443037,1.853128415604347,18.53
267,2021-2022,8475745,Charlie Coyle,C,82,2,1.0,10.0,0.024390243902439025,0.012195121951219513,0.12195121951219512,5.304878048780487,1.8413236272441758,18.41
268,2022-2023,8475745,Charlie Coyle,C,82,0,3.0,6.0,0.0,0.036585365853658534,0.07317073170731707,4.2073170731707314,1.6500647659643715,16.5
269,2023-2024,8475745,Charlie Coyle,C,82,0,5.0,10.0,0.0,0.06097560975609756,0.12195121951219512,7.012195121951219,2.080964771220357,20.81
273,2021-2022,8475754,Brock Nelson,C,72,0,6.0,9.0,0.0,0.08333333333333333,0.125,8.124999999999998,2.211017899468555,22.11
274,2022-2023,8475754,Brock Nelson,C,82,1,11.0,8.0,0.012195121951219513,0.13414634146341464,0.0975609756097561,9.695121951219512,2.36978774510793,23.7
275,2023-2024,8475754,Brock Nelson,C,82,1,7.0,13.0,0.012195121951219513,0.08536585365853659,0.15853658536585366,9.634146341463415,2.3640701766447267,23.64
288,2021-2022,8475768,Jaden Schwartz,L,37,0,2.0,2.0,0.0,0.05405405405405406,0.05405405405405406,4.324324324324325,1.6722858160937641,16.72
289,2022-2023,8475768,Jaden Schwartz,L,71,0,3.0,6.0,0.0,0.04225352112676056,0.08450704225352113,4.859154929577465,1.7680053832199478,17.68
290,2023-2024,8475768,Jaden Schwartz,L,62,0,3.0,6.0,0.0,0.04838709677419355,0.0967741935483871,5.564516129032258,1.8816788003975033,18.82
296,2021-2022,8475784,Jeff Skinner,L,80,0,8.0,9.0,0.0,0.1,0.1125,8.4375,2.244691114575143,22.45
297,2022-2023,8475784,Jeff Skinner,L,79,1,5.0,12.0,0.012658227848101266,0.06329113924050633,0.1518987341772152,8.417721518987342,2.2425931823660705,22.43
298,2023-2024,8475784,Jeff Skinner,L,74,1,3.0,10.0,0.013513513513513514,0.04054054054054054,0.13513513513513514,6.824324324324324,2.0572373843688254,20.57
299,2021-2022,8475786,Zach Hyman,L,76,1,5.0,7.0,0.013157894736842105,0.06578947368421052,0.09210526315789473,6.447368421052631,2.0078607379168516,20.08
300,2022-2023,8475786,Zach Hyman,L,79,0,7.0,12.0,0.0,0.08860759493670886,0.1518987341772152,9.30379746835443,2.332512513535519,23.33
301,2023-2024,8475786,Zach Hyman,L,80,1,6.0,9.0,0.0125,0.075,0.1125,7.5625,2.1473922035883435,21.47
302,2021-2022,8475791,Taylor Hall,L,81,1,1.0,7.0,0.012345679012345678,0.012345679012345678,0.08641975308641975,3.82716049382716,1.574258405312927,15.74
303,2022-2023,8475791,Taylor Hall,L,61,1,3.0,7.0,0.01639344262295082,0.04918032786885246,0.11475409836065574,6.557377049180328,2.0225241788233372,20.23
304,2023-2024,8475791,Taylor Hall,L,10,0,0.0,1.0,0.0,0.0,0.1,3.4999999999999996,1.5040773967762742,15.04
312,2021-2022,8475798,Mikael Granlund,C,80,0,0.0,3.0,0.0,0.0,0.0375,1.3125,0.8383291904044432,8.38
313,2022-2023,8475798,Mikael Granlund,C,79,0,2.0,2.0,0.0,0.02531645569620253,0.02531645569620253,2.0253164556962022,1.107015699464489,11.07
314,2023-2024,8475798,Mikael Granlund,C,69,1,3.0,3.0,0.014492753623188406,0.043478260869565216,0.043478260869565216,3.768115942028986,1.5619512461681127,15.62
315,2021-2022,8475799,Nino Niederreiter,R,75,0,7.0,8.0,0.0,0.09333333333333334,0.10666666666666667,7.933333333333334,2.1897895988487015,21.9
316,2022-2023,8475799,Nino Niederreiter,R,78,0,4.0,9.0,0.0,0.05128205128205128,0.11538461538461539,6.346153846153846,1.9941768900251478,19.94
317,2023-2024,8475799,Nino Niederreiter,R,77,0,2.0,2.0,0.0,0.025974025974025976,0.025974025974025976,2.0779220779220777,1.1242547192814474,11.24
318,2021-2022,8475810,Bryan Rust,R,60,0,3.0,6.0,0.0,0.05,0.1,5.75,1.9095425048844386,19.1
319,2022-2023,8475810,Bryan Rust,R,81,1,6.0,3.0,0.012345679012345678,0.07407407407407407,0.037037037037037035,4.876543209876543,1.770968699558981,17.71
320,2023-2024,8475810,Bryan Rust,R,62,1,4.0,11.0,0.016129032258064516,0.06451612903225806,0.1774193548387097,9.43548387096774,2.345211909455809,23.45
325,2021-2022,8475848,Brendan Gallagher,R,56,0,1.0,2.0,0.0,0.017857142857142856,0.03571428571428571,2.0535714285714284,1.1163118657675106,11.16
326,2022-2023,8475848,Brendan Gallagher,R,37,0,3.0,1.0,0.0,0.08108108108108109,0.02702702702702703,4.594594594594595,1.7218008806211447,17.22
327,2023-2024,8475848,Brendan Gallagher,R,77,0,1.0,7.0,0.0,0.012987012987012988,0.09090909090909091,3.766233766233766,1.5615564262008863,15.62
331,2021-2022,8475913,Mark Stone,R,37,0,3.0,4.0,0.0,0.08108108108108109,0.10810810810810811,7.4324324324324325,2.1320852751652577,21.32
332,2022-2023,8475913,Mark Stone,R,43,0,3.0,9.0,0.0,0.06976744186046512,0.20930232558139536,10.465116279069768,2.439309058349128,24.39
333,2023-2024,8475913,Mark Stone,R,56,1,2.0,5.0,0.017857142857142856,0.03571428571428571,0.08928571428571429,5.089285714285714,1.8065307865483675,18.07
361,2021-2022,8476389,Vincent Trocheck,C,81,0,2.0,8.0,0.0,0.024691358024691357,0.09876543209876543,4.567901234567901,1.7170181848302395,17.17
362,2022-2023,8476389,Vincent Trocheck,C,82,0,4.0,3.0,0.0,0.04878048780487805,0.036585365853658534,3.4756097560975614,1.4986426007903173,14.99
363,2023-2024,8476389,Vincent Trocheck,C,82,1,3.0,10.0,0.012195121951219513,0.036585365853658534,0.12195121951219512,6.158536585365853,1.9683055725638432,19.68
375,2021-2022,8476399,Blake Coleman,L,81,0,1.0,6.0,0.0,0.012345679012345678,0.07407407407407407,3.148148148148148,1.4226620052907655,14.23
376,2022-2023,8476399,Blake Coleman,L,82,0,4.0,5.0,0.0,0.04878048780487805,0.06097560975609756,4.329268292682927,1.673213947831337,16.73
377,2023-2024,8476399,Blake Coleman,L,78,0,3.0,10.0,0.0,0.038461538461538464,0.1282051282051282,6.217948717948717,1.9765708014500984,19.77
384,2021-2022,8476419,Jean-Gabriel Pageau,C,77,0,4.0,5.0,0.0,0.05194805194805195,0.06493506493506493,4.6103896103896105,1.7246201663904266,17.25
385,2022-2023,8476419,Jean-Gabriel Pageau,C,70,0,1.0,4.0,0.0,0.014285714285714285,0.05714285714285714,2.642857142857143,1.292768303109067,12.93
386,2023-2024,8476419,Jean-Gabriel Pageau,C,82,1,1.0,5.0,0.012195121951219513,0.012195121951219513,0.06097560975609756,2.926829268292683,1.3678322982801552,13.68
404,2021-2022,8476453,Nikita Kucherov,R,47,0,6.0,3.0,0.0,0.1276595744680851,0.06382978723404255,7.9787234042553195,2.194857712325953,21.95
405,2022-2023,8476453,Nikita Kucherov,R,82,0,2.0,10.0,0.0,0.024390243902439025,0.12195121951219512,5.365853658536586,1.8509483406183858,18.51
406,2023-2024,8476453,Nikita Kucherov,R,81,1,4.0,11.0,0.012345679012345678,0.04938271604938271,0.13580246913580246,7.222222222222221,2.10684051586795,21.07
407,2021-2022,8476454,Ryan Nugent-Hopkins,C,63,0,2.0,4.0,0.0,0.031746031746031744,0.06349206349206349,3.6507936507936503,1.5370378826255344,15.37
408,2022-2023,8476454,Ryan Nugent-Hopkins,C,82,0,6.0,11.0,0.0,0.07317073170731707,0.13414634146341464,7.987804878048781,2.1958686449250835,21.96
409,2023-2024,8476454,Ryan Nugent-Hopkins,C,80,0,2.0,4.0,0.0,0.025,0.05,2.875,1.3545456628053103,13.55
411,2021-2022,8476456,Jonathan Huberdeau,L,80,2,8.0,10.0,0.025,0.1,0.125,9.375,2.339399066116762,23.39
412,2022-2023,8476456,Jonathan Huberdeau,L,79,0,3.0,6.0,0.0,0.0379746835443038,0.0759493670886076,4.367088607594936,1.6802856027649362,16.8
413,2023-2024,8476456,Jonathan Huberdeau,L,81,0,1.0,5.0,0.0,0.012345679012345678,0.06172839506172839,2.7160493827160495,1.312661110076437,13.13
417,2021-2022,8476459,Mika Zibanejad,C,81,0,6.0,15.0,0.0,0.07407407407407407,0.18518518518518517,9.814814814814815,2.3809169362639526,23.81
418,2022-2023,8476459,Mika Zibanejad,C,82,0,5.0,18.0,0.0,0.06097560975609756,0.21951219512195122,10.426829268292682,2.435964034974169,24.36
419,2023-2024,8476459,Mika Zibanejad,C,81,2,4.0,10.0,0.024691358024691357,0.04938271604938271,0.12345679012345678,7.037037037037037,2.0840604875361306,20.84
420,2021-2022,8476460,Mark Scheifele,C,67,2,7.0,10.0,0.029850746268656716,0.1044776119402985,0.14925373134328357,10.522388059701493,2.4442919306338102,24.44
421,2022-2023,8476460,Mark Scheifele,C,81,2,6.0,15.0,0.024691358024691357,0.07407407407407407,0.18518518518518517,10.308641975308642,2.4255672100016916,24.26
422,2023-2024,8476460,Mark Scheifele,C,74,1,5.0,9.0,0.013513513513513514,0.06756756756756757,0.12162162162162163,7.567567567567568,2.1479838612330564,21.48
423,2021-2022,8476461,Sean Couturier,C,29,0,0.0,3.0,0.0,0.0,0.10344827586206896,3.6206896551724133,1.5305439699644372,15.31
424,2023-2024,8476461,Sean Couturier,C,74,2,1.0,5.0,0.02702702702702703,0.013513513513513514,0.06756756756756757,3.5135135135135136,1.5070758997725309,15.07
426,2021-2022,8476468,J.T. Miller,C,80,3,3.0,12.0,0.0375,0.0375,0.15,7.6875,2.1618852108909103,21.62
427,2022-2023,8476468,J.T. Miller,C,81,1,7.0,4.0,0.012345679012345678,0.08641975308641975,0.04938271604938271,5.864197530864198,1.9263191395781436,19.26
428,2023-2024,8476468,J.T. Miller,C,81,2,6.0,14.0,0.024691358024691357,0.07407407407407407,0.1728395061728395,9.876543209876543,2.3866084712637408,23.87
433,2022-2023,8476474,Stefan Noesen,R,78,0,1.0,9.0,0.0,0.01282051282051282,0.11538461538461539,4.615384615384616,1.7255100836868544,17.26
434,2023-2024,8476474,Stefan Noesen,R,81,0,3.0,6.0,0.0,0.037037037037037035,0.07407407407407407,4.259259259259259,1.6599901915969315,16.6
441,2021-2022,8476483,Rickard Rakell,R,70,1,5.0,8.0,0.014285714285714285,0.07142857142857142,0.11428571428571428,7.5,2.1400661634962708,21.4
442,2022-2023,8476483,Rickard Rakell,R,82,0,7.0,8.0,0.0,0.08536585365853659,0.0975609756097561,7.25609756097561,2.110952025648022,21.11
443,2023-2024,8476483,Rickard Rakell,R,70,0,3.0,5.0,0.0,0.04285714285714286,0.07142857142857142,4.428571428571429,1.6916760106710724,16.92
446,2021-2022,8476539,Jonathan Marchessault,R,76,0,4.0,7.0,0.0,0.05263157894736842,0.09210526315789473,5.592105263157894,1.8858727607985335,18.86
447,2022-2023,8476539,Jonathan Marchessault,R,76,1,6.0,9.0,0.013157894736842105,0.07894736842105263,0.11842105263157894,7.960526315789472,2.192828965863181,21.93
448,2023-2024,8476539,Jonathan Marchessault,R,82,2,10.0,13.0,0.024390243902439025,0.12195121951219512,0.15853658536585366,11.524390243902438,2.527677962664305,25.28
479,2021-2022,8476880,Tom Wilson,R,78,1,6.0,9.0,0.01282051282051282,0.07692307692307693,0.11538461538461539,7.756410256410258,2.1697860328811984,21.7
480,2022-2023,8476880,Tom Wilson,R,33,1,2.0,2.0,0.030303030303030304,0.06060606060606061,0.06060606060606061,5.454545454545455,1.864784604242945,18.65
481,2023-2024,8476880,Tom Wilson,R,74,0,4.0,7.0,0.0,0.05405405405405406,0.0945945945945946,5.743243243243244,1.908541002547349,19.09
482,2021-2022,8476881,Tomas Hertl,C,82,3,3.0,12.0,0.036585365853658534,0.036585365853658534,0.14634146341463414,7.500000000000001,2.1400661634962708,21.4
483,2022-2023,8476881,Tomas Hertl,C,79,0,5.0,7.0,0.0,0.06329113924050633,0.08860759493670886,5.949367088607595,1.9386505890425092,19.39
484,2023-2024,8476881,Tomas Hertl,C,54,2,6.0,3.0,0.037037037037037035,0.1111111111111111,0.05555555555555555,7.685185185185183,2.1616187218820047,21.62
485,2021-2022,8476882,Teuvo Teravainen,C,77,0,3.0,5.0,0.0,0.03896103896103896,0.06493506493506493,4.025974025974026,1.614619271176098,16.15
486,2022-2023,8476882,Teuvo Teravainen,C,68,0,2.0,2.0,0.0,0.029411764705882353,0.029411764705882353,2.3529411764705883,1.209837923778334,12.1
487,2023-2024,8476882,Teuvo Teravainen,C,76,0,5.0,5.0,0.0,0.06578947368421052,0.06578947368421052,5.263157894736842,1.834684513945089,18.35
488,2021-2022,8476887,Filip Forsberg,L,69,1,6.0,17.0,0.014492753623188406,0.08695652173913043,0.2463768115942029,12.82608695652174,2.6265571668510272,26.27
489,2022-2023,8476887,Filip Forsberg,L,50,0,6.0,6.0,0.0,0.12,0.12,9.6,2.3608540011180215,23.61
490,2023-2024,8476887,Filip Forsberg,L,82,3,7.0,16.0,0.036585365853658534,0.08536585365853659,0.1951219512195122,11.402439024390244,2.517893148784307,25.18
497,2021-2022,8476905,Chandler Stephenson,C,79,0,1.0,9.0,0.0,0.012658227848101266,0.11392405063291139,4.556962025316456,1.71505156060815,17.15
498,2022-2023,8476905,Chandler Stephenson,C,81,0,1.0,4.0,0.0,0.012345679012345678,0.04938271604938271,2.2839506172839505,1.1890471541092602,11.89
499,2023-2024,8476905,Chandler Stephenson,C,75,0,3.0,5.0,0.0,0.04,0.06666666666666667,4.133333333333333,1.6357552207514736,16.36
514,2021-2022,8476921,Jordan Martinook,L,59,0,0.0,3.0,0.0,0.0,0.05084745762711865,1.7796610169491527,1.022328983918479,10.22
515,2022-2023,8476921,Jordan Martinook,L,82,0,1.0,3.0,0.0,0.012195121951219513,0.036585365853658534,1.8292682926829267,1.0400181244020568,10.4
516,2023-2024,8476921,Jordan Martinook,L,82,0,3.0,5.0,0.0,0.036585365853658534,0.06097560975609756,3.7804878048780486,1.5645425925262093,15.65
536,2021-2022,8476981,Josh Anderson,R,69,0,4.0,3.0,0.0,0.057971014492753624,0.043478260869565216,4.130434782608695,1.635190408536515,16.35
537,2022-2023,8476981,Josh Anderson,R,69,0,2.0,9.0,0.0,0.028985507246376812,0.13043478260869565,5.869565217391304,1.927100817097817,19.27
538,2023-2024,8476981,Josh Anderson,R,78,0,2.0,2.0,0.0,0.02564102564102564,0.02564102564102564,2.051282051282051,1.1155618469818829,11.16
544,2021-2022,8477015,Connor Brown,R,64,0,2.0,2.0,0.0,0.03125,0.03125,2.5,1.252762968495368,12.53
545,2022-2023,8477015,Connor Brown,R,4,0,0.0,0.0,0.0,0.0,0.0,0.0,0.0,0.0
546,2023-2024,8477015,Connor Brown,R,71,0,0.0,1.0,0.0,0.0,0.014084507042253521,0.4929577464788732,0.40075921707075174,4.01
586,2021-2022,8477402,Pavel Buchnevich,L,73,1,5.0,11.0,0.0136986301369863,0.0684931506849315,0.1506849315068493,8.63013698630137,2.2648974506622737,22.65
587,2022-2023,8477402,Pavel Buchnevich,L,63,0,4.0,8.0,0.0,0.06349206349206349,0.12698412698412698,7.3015873015873005,2.11644673767339,21.16
588,2023-2024,8477402,Pavel Buchnevich,L,80,2,2.0,3.0,0.025,0.025,0.0375,2.9375,1.3705460041517514,13.71
589,2021-2022,8477404,Jake Guentzel,C,76,1,7.0,12.0,0.013157894736842105,0.09210526315789473,0.15789473684210525,9.934210526315788,2.391896454569117,23.92
590,2022-2023,8477404,Jake Guentzel,C,78,1,8.0,8.0,0.01282051282051282,0.10256410256410256,0.10256410256410256,8.461538461538462,2.2472349979108808,22.47
591,2023-2024,8477404,Jake Guentzel,C,67,0,4.0,5.0,0.0,0.05970149253731343,0.07462686567164178,5.298507462686566,1.8403126946450457,18.4
598,2021-2022,8477409,Carter Verhaeghe,C,78,1,1.0,9.0,0.01282051282051282,0.01282051282051282,0.11538461538461539,4.871794871794872,1.7701603574245932,17.7
599,2022-2023,8477409,Carter Verhaeghe,C,81,1,7.0,10.0,0.012345679012345678,0.08641975308641975,0.12345679012345678,8.45679012345679,2.2467330150681524,22.47
600,2023-2024,8477409,Carter Verhaeghe,C,76,1,2.0,15.0,0.013157894736842105,0.02631578947368421,0.19736842105263158,8.355263157894735,2.2359390895169096,22.36
601,2021-2022,8477416,Oliver Bjorkstrand,R,80,0,5.0,11.0,0.0,0.0625,0.1375,7.625,2.1546649629174235,21.55
602,2022-2023,8477416,Oliver Bjorkstrand,R,81,1,2.0,7.0,0.012345679012345678,0.024691358024691357,0.08641975308641975,4.382716049382716,1.6831930886765956,16.83
603,2023-2024,8477416,Oliver Bjorkstrand,R,82,0,3.0,9.0,0.0,0.036585365853658534,0.10975609756097561,5.487804878048781,1.8699242420773914,18.7
608,2021-2022,8477426,Nick Paul,L,80,0,5.0,5.0,0.0,0.0625,0.0625,5.0,1.791759469228055,17.92
609,2022-2023,8477426,Nick Paul,L,80,0,0.0,6.0,0.0,0.0,0.075,2.625,1.2878542883066382,12.88
610,2023-2024,8477426,Nick Paul,L,82,0,4.0,10.0,0.0,0.04878048780487805,0.12195121951219512,6.463414634146342,2.010013035248073,20.1
623,2021-2022,8477451,Ryan Hartman,R,82,1,8.0,7.0,0.012195121951219513,0.0975609756097561,0.08536585365853659,7.621951219512196,2.15431141863232,21.54
624,2022-2023,8477451,Ryan Hartman,R,59,0,2.0,6.0,0.0,0.03389830508474576,0.1016949152542373,5.084745762711865,1.8057849445825596,18.06
625,2023-2024,8477451,Ryan Hartman,R,74,0,3.0,9.0,0.0,0.04054054054054054,0.12162162162162163,6.081081081081082,1.9574265911168724,19.57
640,2021-2022,8477476,Artturi Lehkonen,L,74,0,2.0,5.0,0.0,0.02702702702702703,0.06756756756756757,3.581081081081081,1.5219350141762804,15.22
641,2022-2023,8477476,Artturi Lehkonen,L,64,1,2.0,8.0,0.015625,0.03125,0.125,6.09375,1.9592141146816762,19.59
642,2023-2024,8477476,Artturi Lehkonen,L,45,1,2.0,9.0,0.022222222222222223,0.044444444444444446,0.2,9.444444444444445,2.3460702049337847,23.46
646,2021-2022,8477479,Tyler Bertuzzi,L,68,0,5.0,7.0,0.0,0.07352941176470588,0.10294117647058823,6.911764705882353,2.068350854985678,20.68
647,2022-2023,8477479,Tyler Bertuzzi,L,50,0,1.0,3.0,0.0,0.02,0.06,3.0,1.3862943611198906,13.86
648,2023-2024,8477479,Tyler Bertuzzi,L,80,0,3.0,4.0,0.0,0.0375,0.05,3.4375000000000004,1.490091154801534,14.9
652,2021-2022,8477492,Nathan MacKinnon,C,65,1,5.0,10.0,0.015384615384615385,0.07692307692307693,0.15384615384615385,9.153846153846153,2.3178525651248343,23.18
653,2022-2023,8477492,Nathan MacKinnon,C,71,2,3.0,14.0,0.028169014084507043,0.04225352112676056,0.19718309859154928,9.366197183098592,2.3385502416875608,23.39
654,2023-2024,8477492,Nathan MacKinnon,C,82,2,9.0,12.0,0.024390243902439025,0.10975609756097561,0.14634146341463414,10.54878048780488,2.4465798459218253,24.47
655,2021-2022,8477493,Aleksander Barkov,C,67,2,11.0,13.0,0.029850746268656716,0.16417910447761194,0.19402985074626866,14.776119402985074,2.7584973664792716,27.58
656,2022-2023,8477493,Aleksander Barkov,C,68,0,1.0,5.0,0.0,0.014705882352941176,0.07352941176470588,3.2352941176470584,1.443452774959839,14.43
657,2023-2024,8477493,Aleksander Barkov,C,73,0,4.0,10.0,0.0,0.0547945205479452,0.136986301369863,7.260273972602739,2.1114577555787943,21.11
661,2021-2022,8477496,Elias Lindholm,C,82,2,6.0,13.0,0.024390243902439025,0.07317073170731707,0.15853658536585366,9.329268292682928,2.3349814473878014,23.35
662,2022-2023,8477496,Elias Lindholm,C,80,0,3.0,5.0,0.0,0.0375,0.0625,3.875,1.5841201044498106,15.84
663,2023-2024,8477496,Elias Lindholm,C,75,0,2.0,5.0,0.0,0.02666666666666667,0.06666666666666667,3.5333333333333328,1.5114575040738967,15.11
664,2021-2022,8477497,Sean Monahan,C,65,0,0.0,3.0,0.0,0.0,0.046153846153846156,1.6153846153846154,0.9614111671546247,9.61
665,2022-2023,8477497,Sean Monahan,C,25,0,1.0,1.0,0.0,0.04,0.04,3.2,1.4350845252893227,14.35
666,2023-2024,8477497,Sean Monahan,C,83,0,7.0,9.0,0.0,0.08433734939759036,0.10843373493975904,7.590361445783132,2.1506408126176977,21.51
667,2021-2022,8477500,Bo Horvat,C,70,0,8.0,6.0,0.0,0.11428571428571428,0.08571428571428572,8.142857142857144,2.2129729343043585,22.13
668,2022-2023,8477500,Bo Horvat,C,79,1,8.0,11.0,0.012658227848101266,0.10126582278481013,0.13924050632911392,9.683544303797468,2.3687046421289355,23.69
669,2023-2024,8477500,Bo Horvat,C,81,3,8.0,13.0,0.037037037037037035,0.09876543209876543,0.16049382716049382,10.802469135802468,2.4683087583789622,24.68
670,2021-2022,8477501,Valeri Nichushkin,R,62,0,3.0,7.0,0.0,0.04838709677419355,0.11290322580645161,6.129032258064516,1.9641754970326066,19.64
671,2022-2023,8477501,Valeri Nichushkin,R,53,0,1.0,3.0,0.0,0.018867924528301886,0.05660377358490566,2.8301886792452833,1.3429140654896656,13.43
672,2023-2024,8477501,Valeri Nichushkin,R,54,2,6.0,8.0,0.037037037037037035,0.1111111111111111,0.14814814814814814,10.925925925925924,2.478714679540079,24.79
715,2021-2022,8477933,Sam Reinhart,C,78,0,8.0,7.0,0.0,0.10256410256410256,0.08974358974358974,7.756410256410256,2.1697860328811984,21.7
716,2022-2023,8477933,Sam Reinhart,C,82,1,5.0,9.0,0.012195121951219513,0.06097560975609756,0.10975609756097561,6.829268292682928,2.0578690564257083,20.58
717,2023-2024,8477933,Sam Reinhart,C,82,3,7.0,23.0,0.036585365853658534,0.08536585365853659,0.2804878048780488,14.390243902439027,2.7337337958369057,27.34
718,2021-2022,8477934,Leon Draisaitl,C,80,1,8.0,21.0,0.0125,0.1,0.2625,13.9375,2.7038748296917294,27.04
719,2022-2023,8477934,Leon Draisaitl,C,80,1,5.0,15.0,0.0125,0.0625,0.1875,9.624999999999998,2.3632097148104805,23.63
720,2023-2024,8477934,Leon Draisaitl,C,81,2,12.0,14.0,0.024691358024691357,0.14814814814814814,0.1728395061728395,13.209876543209875,2.6539372540494437,26.54
721,2021-2022,8477935,Sam Bennett,C,71,1,2.0,8.0,0.014084507042253521,0.028169014084507043,0.11267605633802817,5.492957746478874,1.8707181659553331,18.71
722,2022-2023,8477935,Sam Bennett,C,63,0,4.0,1.0,0.0,0.06349206349206349,0.015873015873015872,3.4126984126984126,1.4844863872991045,14.84
723,2023-2024,8477935,Sam Bennett,C,69,0,6.0,2.0,0.0,0.08695652173913043,0.028985507246376812,4.9275362318840585,1.7796086514455425,17.8
725,2021-2022,8477939,William Nylander,R,81,2,6.0,17.0,0.024691358024691357,0.07407407407407407,0.20987654320987653,11.17283950617284,2.4992071999301966,24.99
726,2022-2023,8477939,William Nylander,R,82,3,12.0,10.0,0.036585365853658534,0.14634146341463414,0.12195121951219512,11.585365853658535,2.532534698777255,25.33
727,2023-2024,8477939,William Nylander,R,82,2,5.0,10.0,0.024390243902439025,0.06097560975609756,0.12195121951219512,7.5,2.1400661634962708,21.4
728,2021-2022,8477940,Nikolaj Ehlers,L,62,1,8.0,7.0,0.016129032258064516,0.12903225806451613,0.11290322580645161,10.080645161290322,2.405199907177258,24.05
729,2022-2023,8477940,Nikolaj Ehlers,L,45,0,2.0,4.0,0.0,0.044444444444444446,0.08888888888888889,5.111111111111111,1.8101086078962514,18.1
730,2023-2024,8477940,Nikolaj Ehlers,L,82,1,3.0,10.0,0.012195121951219513,0.036585365853658534,0.12195121951219512,6.158536585365853,1.9683055725638432,19.68
733,2021-2022,8477942,Kevin Fiala,L,82,1,6.0,12.0,0.012195121951219513,0.07317073170731707,0.14634146341463414,8.658536585365853,2.2678421445501726,22.68
734,2022-2023,8477942,Kevin Fiala,L,69,2,1.0,9.0,0.028985507246376812,0.014492753623188406,0.13043478260869565,5.797101449275361,1.91649626384902,19.16
735,2023-2024,8477942,Kevin Fiala,L,82,1,5.0,11.0,0.012195121951219513,0.06097560975609756,0.13414634146341464,7.682926829268292,2.161358664147723,21.61
740,2021-2022,8477946,Dylan Larkin,C,71,3,4.0,17.0,0.04225352112676056,0.056338028169014086,0.23943661971830985,11.76056338028169,2.546359429001664,25.46
741,2022-2023,8477946,Dylan Larkin,C,80,0,3.0,12.0,0.0,0.0375,0.15,6.937499999999999,2.07159836421881,20.72
742,2023-2024,8477946,Dylan Larkin,C,68,2,8.0,11.0,0.029411764705882353,0.11764705882352941,0.16176470588235295,11.544117647058824,2.5292518423155723,25.29
746,2021-2022,8477949,Alex Tuch,R,50,0,2.0,2.0,0.0,0.04,0.04,3.2,1.4350845252893227,14.35
747,2022-2023,8477949,Alex Tuch,R,74,1,2.0,7.0,0.013513513513513514,0.02702702702702703,0.0945945945945946,4.797297297297297,1.7573918257238472,17.57
748,2023-2024,8477949,Alex Tuch,R,75,0,3.0,8.0,0.0,0.04,0.10666666666666667,5.533333333333334,1.876917277568362,18.77
749,2021-2022,8477951,Nick Schmaltz,C,63,0,3.0,8.0,0.0,0.047619047619047616,0.12698412698412698,6.587301587301586,2.026476006099923,20.26
750,2022-2023,8477951,Nick Schmaltz,C,63,0,3.0,6.0,0.0,0.047619047619047616,0.09523809523809523,5.476190476190475,1.868132448012629,18.68
751,2023-2024,8477951,Nick Schmaltz,C,79,1,4.0,4.0,0.012658227848101266,0.05063291139240506,0.05063291139240506,4.303797468354429,1.6684230674551161,16.68
758,2021-2022,8477955,Jared McCann,L,74,0,6.0,5.0,0.0,0.08108108108108109,0.06756756756756757,6.013513513513514,1.9478387899617189,19.48
759,2022-2023,8477955,Jared McCann,L,79,0,3.0,15.0,0.0,0.0379746835443038,0.189873417721519,8.354430379746836,2.2358500684811804,22.36
760,2023-2024,8477955,Jared McCann,L,80,1,7.0,9.0,0.0125,0.0875,0.1125,8.125,2.211017899468555,22.11
761,2021-2022,8477956,David Pastrnak,R,72,1,6.0,19.0,0.013888888888888888,0.08333333333333333,0.2638888888888889,13.263888888888886,2.6577310909125025,26.58
762,2022-2023,8477956,David Pastrnak,R,82,4,4.0,26.0,0.04878048780487805,0.04878048780487805,0.3170731707317073,14.268292682926829,2.725778304395791,27.26
763,2023-2024,8477956,David Pastrnak,R,82,0,8.0,20.0,0.0,0.0975609756097561,0.24390243902439024,12.926829268292684,2.6338171429517026,26.34
764,2021-2022,8477960,Adrian Kempe,R,78,2,5.0,12.0,0.02564102564102564,0.0641025641025641,0.15384615384615385,8.782051282051281,2.280549204594865,22.81
765,2022-2023,8477960,Adrian Kempe,R,82,1,7.0,11.0,0.012195121951219513,0.08536585365853659,0.13414634146341464,8.78048780487805,2.2803893606022614,22.8
766,2023-2024,8477960,Adrian Kempe,R,77,1,4.0,14.0,0.012987012987012988,0.05194805194805195,0.18181818181818182,8.96103896103896,2.2986813795135723,22.99
770,2021-2022,8477964,Ivan Barbashev,L,81,0,4.0,5.0,0.0,0.04938271604938271,0.06172839506172839,4.382716049382716,1.6831930886765956,16.83
771,2022-2023,8477964,Ivan Barbashev,L,82,0,3.0,3.0,0.0,0.036585365853658534,0.036585365853658534,2.926829268292683,1.3678322982801552,13.68
772,2023-2024,8477964,Ivan Barbashev,L,82,0,3.0,7.0,0.0,0.036585365853658534,0.08536585365853659,4.634146341463414,1.7288456438174857,17.29
777,2021-2022,8477987,Ryan Donato,C,74,0,3.0,7.0,0.0,0.04054054054054054,0.0945945945945946,5.135135135135135,1.8140321048371781,18.14
778,2022-2023,8477987,Ryan Donato,C,71,0,4.0,4.0,0.0,0.056338028169014086,0.056338028169014086,4.507042253521126,1.7060276829440502,17.06
779,2023-2024,8477987,Ryan Donato,C,78,0,2.0,3.0,0.0,0.02564102564102564,0.038461538461538464,2.5,1.252762968495368,12.53
780,2021-2022,8477989,Christian Dvorak,C,56,0,2.0,3.0,0.0,0.03571428571428571,0.05357142857142857,3.482142857142857,1.5001012483966347,15.0
781,2022-2023,8477989,Christian Dvorak,C,64,0,1.0,1.0,0.0,0.015625,0.015625,1.25,0.8109302162163288,8.11
782,2023-2024,8477989,Christian Dvorak,C,30,0,0.0,0.0,0.0,0.0,0.0,0.0,0.0,0.0
786,2021-2022,8477998,Warren Foegele,L,82,0,1.0,7.0,0.0,0.012195121951219513,0.08536585365853659,3.536585365853658,1.5121746070088933,15.12
787,2022-2023,8477998,Warren Foegele,L,67,0,1.0,6.0,0.0,0.014925373134328358,0.08955223880597014,3.805970149253731,1.5698589261534424,15.7
788,2023-2024,8477998,Warren Foegele,L,82,0,2.0,4.0,0.0,0.024390243902439025,0.04878048780487805,2.8048780487804876,1.3362839405452291,13.36
789,2021-2022,8478010,Brayden Point,C,66,2,7.0,8.0,0.030303030303030304,0.10606060606060606,0.12121212121212122,9.621212121212121,2.3628531450081645,23.63
790,2022-2023,8478010,Brayden Point,C,82,1,9.0,18.0,0.012195121951219513,0.10975609756097561,0.21951219512195122,12.865853658536587,2.629429246486283,26.29
791,2023-2024,8478010,Brayden Point,C,81,0,5.0,16.0,0.0,0.06172839506172839,0.19753086419753085,9.691358024691358,2.3694357538899964,23.69
799,2021-2022,8478042,Viktor Arvidsson,L,66,1,5.0,8.0,0.015151515151515152,0.07575757575757576,0.12121212121212122,7.954545454545454,2.1921612753796724,21.92
800,2022-2023,8478042,Viktor Arvidsson,L,77,0,4.0,5.0,0.0,0.05194805194805195,0.06493506493506493,4.6103896103896105,1.7246201663904266,17.25
801,2023-2024,8478042,Viktor Arvidsson,L,18,0,3.0,0.0,0.0,0.16666666666666666,0.0,7.5,2.1400661634962708,21.4
808,2021-2022,8478047,Michael Bunting,L,79,0,4.0,5.0,0.0,0.05063291139240506,0.06329113924050633,4.493670886075949,1.7035966816333834,17.04
809,2022-2023,8478047,Michael Bunting,L,82,0,6.0,4.0,0.0,0.07317073170731707,0.04878048780487805,5.0,1.791759469228055,17.92
810,2023-2024,8478047,Michael Bunting,L,81,0,4.0,6.0,0.0,0.04938271604938271,0.07407407407407407,4.814814814814815,1.760408939343979,17.6
835,2021-2022,8478109,Victor Olofsson,L,72,0,1.0,9.0,0.0,0.013888888888888888,0.125,5.0,1.791759469228055,17.92
836,2022-2023,8478109,Victor Olofsson,L,75,2,5.0,8.0,0.02666666666666667,0.06666666666666667,0.10666666666666667,7.266666666666666,2.1122313645028266,21.12
837,2023-2024,8478109,Victor Olofsson,L,51,0,1.0,1.0,0.0,0.0196078431372549,0.0196078431372549,1.5686274509803921,0.9433716904768257,9.43
862,2021-2022,8478366,Frank Vatrano,R,71,1,4.0,5.0,0.014084507042253521,0.056338028169014086,0.07042253521126761,5.281690140845071,1.8376390749787488,18.38
863,2022-2023,8478366,Frank Vatrano,R,81,1,7.0,4.0,0.012345679012345678,0.08641975308641975,0.04938271604938271,5.864197530864198,1.9263191395781436,19.26
864,2023-2024,8478366,Frank Vatrano,R,82,2,5.0,10.0,0.024390243902439025,0.06097560975609756,0.12195121951219512,7.5,2.1400661634962708,21.4
867,2021-2022,8478398,Kyle Connor,L,79,1,7.0,16.0,0.012658227848101266,0.08860759493670886,0.20253164556962025,11.329113924050633,2.5119634511755136,25.12
868,2022-2023,8478398,Kyle Connor,L,82,2,1.0,15.0,0.024390243902439025,0.012195121951219513,0.18292682926829268,7.439024390243904,2.1328667083534167,21.33
869,2023-2024,8478398,Kyle Connor,L,65,3,4.0,14.0,0.046153846153846156,0.06153846153846154,0.2153846153846154,11.230769230769232,2.503954844758695,25.04
873,2021-2022,8478401,Pavel Zacha,C,70,1,2.0,3.0,0.014285714285714285,0.02857142857142857,0.04285714285714286,3.0714285714285716,1.4039939382192914,14.04
874,2022-2023,8478401,Pavel Zacha,C,82,0,4.0,5.0,0.0,0.04878048780487805,0.06097560975609756,4.329268292682927,1.673213947831337,16.73
875,2023-2024,8478401,Pavel Zacha,C,78,1,1.0,7.0,0.01282051282051282,0.01282051282051282,0.08974358974358974,3.974358974358974,1.6042965129336817,16.04
876,2021-2022,8478402,Connor McDavid,C,80,4,11.0,9.0,0.05,0.1375,0.1125,11.125000000000002,2.495269436823547,24.95
877,2022-2023,8478402,Connor McDavid,C,82,2,9.0,22.0,0.024390243902439025,0.10975609756097561,0.2682926829268293,14.81707317073171,2.761089937052191,27.61
878,2023-2024,8478402,Connor McDavid,C,76,1,7.0,13.0,0.013157894736842105,0.09210526315789473,0.17105263157894737,10.394736842105262,2.433151568276104,24.33
879,2021-2022,8478403,Jack Eichel,C,34,0,3.0,3.0,0.0,0.08823529411764706,0.08823529411764706,7.0588235294117645,2.086767581771909,20.87
880,2022-2023,8478403,Jack Eichel,C,67,1,2.0,14.0,0.014925373134328358,0.029850746268656716,0.208955223880597,8.955223880597014,2.2980974265246576,22.98
881,2023-2024,8478403,Jack Eichel,C,63,2,3.0,14.0,0.031746031746031744,0.047619047619047616,0.2222222222222222,10.555555555555554,2.447166321805153,24.47
887,2021-2022,8478414,Timo Meier,R,77,1,6.0,7.0,0.012987012987012988,0.07792207792207792,0.09090909090909091,6.948051948051948,2.072926860658642,20.73
888,2022-2023,8478414,Timo Meier,R,78,1,14.0,10.0,0.01282051282051282,0.1794871794871795,0.1282051282051282,12.82051282051282,2.626153924779351,26.26
889,2023-2024,8478414,Timo Meier,R,69,1,9.0,8.0,0.014492753623188406,0.13043478260869565,0.11594202898550725,10.217391304347826,2.4174653689924677,24.17
890,2021-2022,8478420,Mikko Rantanen,R,75,0,2.0,14.0,0.0,0.02666666666666667,0.18666666666666668,7.7333333333333325,2.1671471220989416,21.67
891,2022-2023,8478420,Mikko Rantanen,R,82,3,6.0,19.0,0.036585365853658534,0.07317073170731707,0.23170731707317074,12.134146341463413,2.5752154298921353,25.75
892,2023-2024,8478420,Mikko Rantanen,R,80,0,8.0,11.0,0.0,0.1,0.1375,9.312500000000002,2.3333567516607996,23.33
899,2021-2022,8478427,Sebastian Aho,C,79,2,3.0,11.0,0.02531645569620253,0.0379746835443038,0.13924050632911392,7.088607594936708,2.090456601910513,20.9
900,2022-2023,8478427,Sebastian Aho,C,75,2,5.0,18.0,0.02666666666666667,0.06666666666666667,0.24,11.933333333333332,2.559807957961118,25.6
901,2023-2024,8478427,Sebastian Aho,C,78,2,7.0,11.0,0.02564102564102564,0.08974358974358974,0.14102564102564102,9.487179487179487,2.3501535099131554,23.5
913,2021-2022,8478439,Travis Konecny,R,79,0,3.0,3.0,0.0,0.0379746835443038,0.0379746835443038,3.037974683544304,1.395743250317823,13.96
914,2022-2023,8478439,Travis Konecny,R,60,0,6.0,7.0,0.0,0.1,0.11666666666666667,8.583333333333334,2.26002547857525,22.6
915,2023-2024,8478439,Travis Konecny,R,76,0,7.0,11.0,0.0,0.09210526315789473,0.14473684210526316,9.210526315789473,2.3234191798968875,23.23
916,2021-2022,8478440,Dylan Strome,C,69,0,0.0,10.0,0.0,0.0,0.14492753623188406,5.0724637681159415,1.8037644153248782,18.04
917,2022-2023,8478440,Dylan Strome,C,81,0,5.0,7.0,0.0,0.06172839506172839,0.08641975308641975,5.802469135802468,1.9172856544804755,19.17
918,2023-2024,8478440,Dylan Strome,C,82,3,5.0,12.0,0.036585365853658534,0.06097560975609756,0.14634146341463414,8.597560975609756,2.2615090011531502,22.62
920,2021-2022,8478444,Brock Boeser,R,71,1,1.0,9.0,0.014084507042253521,0.014084507042253521,0.1267605633802817,5.352112676056338,1.848787462461363,18.49
921,2022-2023,8478444,Brock Boeser,R,74,0,3.0,7.0,0.0,0.04054054054054054,0.0945945945945946,5.135135135135135,1.8140321048371781,18.14
922,2023-2024,8478444,Brock Boeser,R,81,1,5.0,9.0,0.012345679012345678,0.06172839506172839,0.1111111111111111,6.913580246913578,2.068580302248231,20.69
930,2021-2022,8478449,Roope Hintz,C,80,1,8.0,11.0,0.0125,0.1,0.1375,9.562500000000002,2.3573099926832923,23.57
931,2022-2023,8478449,Roope Hintz,C,73,0,7.0,15.0,0.0,0.0958904109589041,0.2054794520547945,11.506849315068493,2.5262764394465775,25.26
932,2023-2024,8478449,Roope Hintz,C,80,2,5.0,12.0,0.025,0.0625,0.15,8.5625,2.257849199152654,22.58
934,2021-2022,8478458,Jack Roslovic,C,81,1,3.0,11.0,0.012345679012345678,0.037037037037037035,0.13580246913580246,6.666666666666665,2.0368819272610397,20.37
935,2022-2023,8478458,Jack Roslovic,C,77,1,2.0,4.0,0.012987012987012988,0.025974025974025976,0.05194805194805195,3.2467532467532463,1.4461547490435693,14.46
936,2023-2024,8478458,Jack Roslovic,C,59,1,1.0,5.0,0.01694915254237288,0.01694915254237288,0.0847457627118644,4.067796610169491,1.622906129484967,16.23
940,2021-2022,8478463,Anthony Beauvillier,L,75,0,2.0,5.0,0.0,0.02666666666666667,0.06666666666666667,3.5333333333333328,1.5114575040738967,15.11
941,2022-2023,8478463,Anthony Beauvillier,L,82,1,1.0,5.0,0.012195121951219513,0.012195121951219513,0.06097560975609756,2.926829268292683,1.3678322982801552,13.68
942,2023-2024,8478463,Anthony Beauvillier,L,60,0,0.0,2.0,0.0,0.0,0.03333333333333333,1.1666666666666665,0.7731898882334817,7.73
949,2021-2022,8478474,Lawson Crouse,L,65,0,5.0,9.0,0.0,0.07692307692307693,0.13846153846153847,8.307692307692308,2.2308411881352046,22.31
950,2022-2023,8478474,Lawson Crouse,L,77,0,6.0,5.0,0.0,0.07792207792207792,0.06493506493506493,5.779220779220778,1.9138621660289548,19.14
951,2023-2024,8478474,Lawson Crouse,L,81,0,2.0,7.0,0.0,0.024691358024691357,0.08641975308641975,4.135802469135802,1.6362361055888244,16.36
955,2021-2022,8478483,Mitch Marner,R,72,1,7.0,8.0,0.013888888888888888,0.09722222222222222,0.1111111111111111,8.541666666666666,2.2556681732062938,22.56
956,2022-2023,8478483,Mitch Marner,R,80,2,8.0,10.0,0.025,0.1,0.125,9.375,2.339399066116762,23.39
957,2023-2024,8478483,Mitch Marner,R,69,0,4.0,11.0,0.0,0.057971014492753624,0.15942028985507245,8.18840579710145,2.2179424498399665,22.18
960,2021-2022,8478493,Joel Eriksson Ek,C,77,2,6.0,8.0,0.025974025974025976,0.07792207792207792,0.1038961038961039,7.662337662337662,2.15898462406194,21.59
961,2022-2023,8478493,Joel Eriksson Ek,C,78,0,7.0,6.0,0.0,0.08974358974358974,0.07692307692307693,6.730769230769232,2.045208370037594,20.45
962,2023-2024,8478493,Joel Eriksson Ek,C,77,0,4.0,10.0,0.0,0.05194805194805195,0.12987012987012986,6.883116883116883,2.0647233692058142,20.65
966,2021-2022,8478498,Jake DeBrusk,L,77,2,4.0,11.0,0.025974025974025976,0.05194805194805195,0.14285714285714285,7.857142857142857,2.181224235989778,21.81
967,2022-2023,8478498,Jake DeBrusk,L,64,0,4.0,11.0,0.0,0.0625,0.171875,8.828125,2.2852481733407686,22.85
968,2023-2024,8478498,Jake DeBrusk,L,80,1,2.0,3.0,0.0125,0.025,0.0375,2.6875000000000004,1.3049487216659383,13.05
975,2021-2022,8478519,Anthony Cirelli,C,76,1,1.0,10.0,0.013157894736842105,0.013157894736842105,0.13157894736842105,5.4605263157894735,1.8657107875081895,18.66
976,2022-2023,8478519,Anthony Cirelli,C,58,0,3.0,3.0,0.0,0.05172413793103448,0.05172413793103448,4.137931034482759,1.6366504759589853,16.37
977,2023-2024,8478519,Anthony Cirelli,C,79,1,4.0,7.0,0.012658227848101266,0.05063291139240506,0.08860759493670886,5.632911392405063,1.8920438318540207,18.92
979,2021-2022,8478542,Evan Rodrigues,C,82,0,1.0,4.0,0.0,0.012195121951219513,0.04878048780487805,2.2560975609756095,1.1805294111359963,11.81
980,2022-2023,8478542,Evan Rodrigues,C,69,0,2.0,4.0,0.0,0.028985507246376812,0.057971014492753624,3.3333333333333335,1.4663370687934272,14.66
981,2023-2024,8478542,Evan Rodrigues,C,80,0,2.0,4.0,0.0,0.025,0.05,2.875,1.3545456628053103,13.55
982,2021-2022,8478550,Artemi Panarin,L,75,1,4.0,8.0,0.013333333333333334,0.05333333333333334,0.10666666666666667,6.4,2.0014800002101243,20.01
983,2022-2023,8478550,Artemi Panarin,L,82,1,8.0,8.0,0.012195121951219513,0.0975609756097561,0.0975609756097561,8.048780487804878,2.2026299959031275,22.03
984,2023-2024,8478550,Artemi Panarin,L,82,1,11.0,16.0,0.012195121951219513,0.13414634146341464,0.1951219512195122,13.109756097560975,2.6468664799294235,26.47
996,2021-2022,8478856,Conor Garland,R,77,0,3.0,9.0,0.0,0.03896103896103896,0.11688311688311688,5.844155844155844,1.9233951266876783,19.23
997,2022-2023,8478856,Conor Garland,R,81,1,0.0,5.0,0.012345679012345678,0.0,0.06172839506172839,2.4074074074074074,1.2259517110447113,12.26
998,2023-2024,8478856,Conor Garland,R,82,0,1.0,12.0,0.0,0.012195121951219513,0.14634146341463414,5.670731707317072,1.897729555157728,18.98
999,2021-2022,8478864,Kirill Kaprizov,L,81,2,10.0,15.0,0.024691358024691357,0.12345679012345678,0.18518518518518517,12.530864197530864,2.604973312835522,26.05
1000,2022-2023,8478864,Kirill Kaprizov,L,67,2,8.0,14.0,0.029850746268656716,0.11940298507462686,0.208955223880597,13.283582089552237,2.659110772061988,26.59
1001,2023-2024,8478864,Kirill Kaprizov,L,75,2,10.0,16.0,0.02666666666666667,0.13333333333333333,0.21333333333333335,13.999999999999998,2.70805020110221,27.08
1005,2021-2022,8478873,Troy Terry,R,75,2,6.0,16.0,0.02666666666666667,0.08,0.21333333333333335,11.600000000000001,2.5336968139574325,25.34
1006,2022-2023,8478873,Troy Terry,R,70,1,4.0,11.0,0.014285714285714285,0.05714285714285714,0.15714285714285714,8.357142857142858,2.2361399935858928,22.36
1007,2023-2024,8478873,Troy Terry,R,76,1,5.0,7.0,0.013157894736842105,0.06578947368421052,0.09210526315789473,6.447368421052631,2.0078607379168516,20.08
1008,2021-2022,8478874,Adam Gaudette,R,58,0,1.0,1.0,0.0,0.017241379310344827,0.017241379310344827,1.3793103448275863,0.8668106746107854,8.67
1009,2023-2024,8478874,Adam Gaudette,R,2,0,0.0,0.0,0.0,0.0,0.0,0.0,0.0,0.0
1023,2021-2022,8478975,Mason Marchment,L,54,0,3.0,7.0,0.0,0.05555555555555555,0.12962962962962962,7.037037037037036,2.0840604875361306,20.84
1024,2022-2023,8478975,Mason Marchment,L,68,0,2.0,3.0,0.0,0.029411764705882353,0.04411764705882353,2.8676470588235294,1.3526463270016578,13.53
1025,2023-2024,8478975,Mason Marchment,L,81,0,4.0,7.0,0.0,0.04938271604938271,0.08641975308641975,5.246913580246913,1.8320875146150266,18.32
1040,2021-2022,8479314,Matthew Tkachuk,L,82,0,4.0,13.0,0.0,0.04878048780487805,0.15853658536585366,7.7439024390243905,2.1683565933353672,21.68
1041,2022-2023,8479314,Matthew Tkachuk,L,79,0,4.0,15.0,0.0,0.05063291139240506,0.189873417721519,8.924050632911392,2.294961167883386,22.95
1042,2023-2024,8479314,Matthew Tkachuk,L,80,0,4.0,8.0,0.0,0.05,0.1,5.75,1.9095425048844386,19.1
1049,2021-2022,8479318,Auston Matthews,C,73,2,7.0,22.0,0.0273972602739726,0.0958904109589041,0.3013698630136986,15.410958904109586,2.7979493375270033,27.98
1050,2022-2023,8479318,Auston Matthews,C,74,0,6.0,14.0,0.0,0.08108108108108109,0.1891891891891892,10.27027027027027,2.422168309154577,24.22
1051,2023-2024,8479318,Auston Matthews,C,81,3,17.0,20.0,0.037037037037037035,0.20987654320987653,0.24691358024691357,18.82716049382716,2.9870527398342683,29.87
1063,2021-2022,8479337,Alex DeBrincat,R,82,4,8.0,15.0,0.04878048780487805,0.0975609756097561,0.18292682926829268,11.768292682926832,2.546964963606284,25.47
1064,2022-2023,8479337,Alex DeBrincat,R,82,2,3.0,13.0,0.024390243902439025,0.036585365853658534,0.15853658536585366,7.682926829268292,2.161358664147723,21.61
1065,2023-2024,8479337,Alex DeBrincat,R,82,0,9.0,3.0,0.0,0.10975609756097561,0.036585365853658534,6.219512195121951,1.9767873876197526,19.77
1066,2021-2022,8479339,Patrik Laine,L,56,3,5.0,7.0,0.05357142857142857,0.08928571428571429,0.125,9.464285714285715,2.3479680988418634,23.48
1067,2022-2023,8479339,Patrik Laine,L,55,0,6.0,6.0,0.0,0.10909090909090909,0.10909090909090909,8.727272727272727,2.2749335616635356,22.75
1068,2023-2024,8479339,Patrik Laine,L,18,0,0.0,2.0,0.0,0.0,0.1111111111111111,3.8888888888888884,1.5869650565820417,15.87
1069,2021-2022,8479343,Clayton Keller,R,67,2,4.0,9.0,0.029850746268656716,0.05970149253731343,0.13432835820895522,7.985074626865672,2.195564825917855,21.96
1070,2022-2023,8479343,Clayton Keller,R,82,2,10.0,10.0,0.024390243902439025,0.12195121951219512,0.12195121951219512,10.24390243902439,2.4198259762923406,24.2
1071,2023-2024,8479343,Clayton Keller,R,78,0,9.0,9.0,0.0,0.11538461538461539,0.11538461538461539,9.230769230769232,2.325399770760217,23.25
1083,2021-2022,8479353,Brett Howden,C,47,0,1.0,3.0,0.0,0.02127659574468085,0.06382978723404255,3.1914893617021276,1.4330561270279298,14.33
1084,2022-2023,8479353,Brett Howden,C,54,0,1.0,1.0,0.0,0.018518518518518517,0.018518518518518517,1.4814814814814814,0.9088557533866369,9.09
1085,2023-2024,8479353,Brett Howden,C,72,0,1.0,1.0,0.0,0.013888888888888888,0.013888888888888888,1.111111111111111,0.7472144018302209,7.47
1118,2021-2022,8479385,Jordan Kyrou,R,74,0,4.0,8.0,0.0,0.05405405405405406,0.10810810810810811,6.216216216216217,1.976330745756025,19.76
1119,2022-2023,8479385,Jordan Kyrou,R,79,1,6.0,9.0,0.012658227848101266,0.0759493670886076,0.11392405063291139,7.658227848101267,2.158510065155529,21.59
1120,2023-2024,8479385,Jordan Kyrou,R,82,0,8.0,10.0,0.0,0.0975609756097561,0.12195121951219512,8.658536585365853,2.2678421445501726,22.68
1127,2021-2022,8479400,Pierre-Luc Dubois,L,81,1,6.0,12.0,0.012345679012345678,0.07407407407407407,0.14814814814814814,8.76543209876543,2.2788488130952147,22.79
1128,2022-2023,8479400,Pierre-Luc Dubois,L,73,0,7.0,9.0,0.0,0.0958904109589041,0.1232876712328767,8.63013698630137,2.2648974506622737,22.65
1129,2023-2024,8479400,Pierre-Luc Dubois,L,82,0,1.0,6.0,0.0,0.012195121951219513,0.07317073170731707,3.1097560975609757,1.4133636830881084,14.13
1132,2021-2022,8479407,Jesper Bratt,L,76,0,3.0,11.0,0.0,0.039473684210526314,0.14473684210526316,6.842105263157894,2.0595073267790185,20.6
1133,2022-2023,8479407,Jesper Bratt,L,82,1,8.0,7.0,0.012195121951219513,0.0975609756097561,0.08536585365853659,7.621951219512196,2.15431141863232,21.54
1134,2023-2024,8479407,Jesper Bratt,L,82,0,3.0,11.0,0.0,0.036585365853658534,0.13414634146341464,6.341463414634147,1.9935381980445679,19.94
1143,2021-2022,8479420,Tage Thompson,C,78,1,10.0,14.0,0.01282051282051282,0.1282051282051282,0.1794871794871795,12.307692307692307,2.588342237036242,25.88
1144,2022-2023,8479420,Tage Thompson,C,78,1,9.0,16.0,0.01282051282051282,0.11538461538461539,0.20512820512820512,12.628205128205128,2.612141551652356,26.12
1145,2023-2024,8479420,Tage Thompson,C,71,0,5.0,7.0,0.0,0.07042253521126761,0.09859154929577464,6.619718309859154,2.030739401805166,20.31
1162,2021-2022,8479525,Ross Colton,C,79,0,2.0,6.0,0.0,0.02531645569620253,0.0759493670886076,3.79746835443038,1.568088352615405,15.68
1163,2022-2023,8479525,Ross Colton,C,81,0,3.0,7.0,0.0,0.037037037037037035,0.08641975308641975,4.6913580246913575,1.7389488883242097,17.39
1164,2023-2024,8479525,Ross Colton,C,80,0,1.0,10.0,0.0,0.0125,0.125,4.937499999999999,1.7812881693607594,17.81
1172,2021-2022,8479542,Brandon Hagel,L,77,0,4.0,10.0,0.0,0.05194805194805195,0.12987012987012986,6.883116883116883,2.0647233692058142,20.65
1173,2022-2023,8479542,Brandon Hagel,L,81,0,4.0,7.0,0.0,0.04938271604938271,0.08641975308641975,5.246913580246913,1.8320875146150266,18.32
1174,2023-2024,8479542,Brandon Hagel,L,82,1,5.0,4.0,0.012195121951219513,0.06097560975609756,0.04878048780487805,4.695121951219512,1.7396100104046441,17.4
1198,2023-2024,8479638,Justin Brazeau,R,19,0,3.0,0.0,0.0,0.15789473684210525,0.0,7.105263157894736,2.092513623247189,20.93
1204,2021-2022,8479671,Mathieu Olivier,R,10,0,0.0,0.0,0.0,0.0,0.0,0.0,0.0,0.0
1205,2022-2023,8479671,Mathieu Olivier,R,66,0,0.0,3.0,0.0,0.0,0.045454545454545456,1.5909090909090908,0.9520088144762343,9.52
1206,2023-2024,8479671,Mathieu Olivier,R,54,0,0.0,3.0,0.0,0.0,0.05555555555555555,1.9444444444444442,1.079920155655957,10.8
1207,2021-2022,8479675,Trevor Moore,L,81,0,5.0,5.0,0.0,0.06172839506172839,0.06172839506172839,4.938271604938271,1.7814181154333224,17.81
1208,2022-2023,8479675,Trevor Moore,L,59,0,2.0,3.0,0.0,0.03389830508474576,0.05084745762711865,3.305084745762712,1.459796823112817,14.6
1209,2023-2024,8479675,Trevor Moore,L,82,0,1.0,6.0,0.0,0.012195121951219513,0.07317073170731707,3.1097560975609757,1.4133636830881084,14.13
1240,2021-2022,8479987,Morgan Geekie,C,73,0,2.0,1.0,0.0,0.0273972602739726,0.0136986301369863,1.7123287671232876,0.9978075895461441,9.98
1241,2022-2023,8479987,Morgan Geekie,C,69,0,1.0,5.0,0.0,0.014492753623188406,0.07246376811594203,3.1884057971014492,1.4323201835151729,14.32
1242,2023-2024,8479987,Morgan Geekie,C,76,0,2.0,5.0,0.0,0.02631578947368421,0.06578947368421052,3.4868421052631575,1.5011491369971857,15.01
1255,2021-2022,8479999,Casey Mittelstadt,C,40,1,0.0,5.0,0.025,0.0,0.125,4.875,1.7707060600302227,17.71
1256,2022-2023,8479999,Casey Mittelstadt,C,82,1,4.0,4.0,0.012195121951219513,0.04878048780487805,0.04878048780487805,4.146341463414634,1.6382860667717587,16.38
1257,2023-2024,8479999,Casey Mittelstadt,C,80,0,6.0,4.0,0.0,0.075,0.05,5.125,1.8123787564307907,18.12
1258,2021-2022,8480002,Nico Hischier,C,70,1,4.0,9.0,0.014285714285714285,0.05714285714285714,0.12857142857142856,7.357142857142857,2.1231166051824975,21.23
1259,2022-2023,8480002,Nico Hischier,C,81,2,7.0,11.0,0.024691358024691357,0.08641975308641975,0.13580246913580246,9.135802469135802,2.3160739547799896,23.16
1260,2023-2024,8480002,Nico Hischier,C,71,0,7.0,8.0,0.0,0.09859154929577464,0.11267605633802817,8.380281690140844,2.2386097934990734,22.39
1271,2021-2022,8480009,Eeli Tolvanen,R,75,0,1.0,6.0,0.0,0.013333333333333334,0.08,3.3999999999999995,1.4816045409242153,14.82
1272,2022-2023,8480009,Eeli Tolvanen,R,61,0,0.0,7.0,0.0,0.0,0.11475409836065574,4.016393442622951,1.6127112377790696,16.13
1273,2023-2024,8480009,Eeli Tolvanen,R,81,0,1.0,6.0,0.0,0.012345679012345678,0.07407407407407407,3.148148148148148,1.4226620052907655,14.23
1277,2021-2022,8480012,Elias Pettersson,C,80,0,5.0,10.0,0.0,0.0625,0.125,7.187499999999999,2.1026086009613705,21.03
1278,2022-2023,8480012,Elias Pettersson,C,80,3,4.0,15.0,0.0375,0.05,0.1875,9.562499999999998,2.357309992683292,23.57
1279,2023-2024,8480012,Elias Pettersson,C,82,2,4.0,10.0,0.024390243902439025,0.04878048780487805,0.12195121951219512,6.951219512195123,2.0733253146623998,20.73
1280,2021-2022,8480014,Gabriel Vilardi,C,25,0,0.0,3.0,0.0,0.0,0.12,4.199999999999999,1.6486586255873816,16.49
1281,2022-2023,8480014,Gabriel Vilardi,C,63,0,5.0,10.0,0.0,0.07936507936507936,0.15873015873015872,9.126984126984125,2.315203556953257,23.15
1282,2023-2024,8480014,Gabriel Vilardi,C,47,0,5.0,6.0,0.0,0.10638297872340426,0.1276595744680851,9.25531914893617,2.3277965123405417,23.28
1283,2021-2022,8480015,Owen Tippett,R,63,0,2.0,3.0,0.0,0.031746031746031744,0.047619047619047616,3.0952380952380945,1.4098248585300845,14.1
1284,2022-2023,8480015,Owen Tippett,R,77,1,6.0,7.0,0.012987012987012988,0.07792207792207792,0.09090909090909091,6.948051948051948,2.072926860658642,20.73
1285,2023-2024,8480015,Owen Tippett,R,78,1,5.0,9.0,0.01282051282051282,0.0641025641025641,0.11538461538461539,7.179487179487181,2.101629456655198,21.02
1286,2021-2022,8480018,Nick Suzuki,C,82,0,7.0,9.0,0.0,0.08536585365853659,0.10975609756097561,7.682926829268294,2.161358664147723,21.61
1287,2022-2023,8480018,Nick Suzuki,C,82,0,5.0,7.0,0.0,0.06097560975609756,0.08536585365853659,5.7317073170731705,1.906828799012842,19.07
1288,2023-2024,8480018,Nick Suzuki,C,82,1,9.0,8.0,0.012195121951219513,0.10975609756097561,0.0975609756097561,8.597560975609756,2.2615090011531502,22.62
1293,2021-2022,8480023,Robert Thomas,C,72,1,5.0,7.0,0.013888888888888888,0.06944444444444445,0.09722222222222222,6.805555555555555,2.054835730877636,20.55
1294,2022-2023,8480023,Robert Thomas,C,73,1,4.0,3.0,0.0136986301369863,0.0547945205479452,0.0410958904109589,4.178082191780822,1.6444347544711966,16.44
1295,2023-2024,8480023,Robert Thomas,C,82,0,4.0,10.0,0.0,0.04878048780487805,0.12195121951219512,6.463414634146342,2.010013035248073,20.1
1299,2021-2022,8480027,Jason Robertson,L,74,2,9.0,16.0,0.02702702702702703,0.12162162162162163,0.21621621621621623,13.58108108108108,2.679724872053965,26.8
1300,2022-2023,8480027,Jason Robertson,L,82,1,7.0,15.0,0.012195121951219513,0.08536585365853659,0.18292682926829268,10.487804878048781,2.44128602731211,24.41
1301,2023-2024,8480027,Jason Robertson,L,82,0,5.0,6.0,0.0,0.06097560975609756,0.07317073170731707,5.304878048780488,1.841323627244176,18.41
1302,2021-2022,8480028,Morgan Frost,C,55,0,0.0,2.0,0.0,0.0,0.03636363636363636,1.2727272727272725,0.8209805520698301,8.21
1303,2022-2023,8480028,Morgan Frost,C,81,0,2.0,6.0,0.0,0.024691358024691357,0.07407407407407407,3.7037037037037033,1.548350220454262,15.48
1304,2023-2024,8480028,Morgan Frost,C,71,0,4.0,2.0,0.0,0.056338028169014086,0.028169014084507043,3.5211267605633805,1.5087612460887003,15.09
1314,2021-2022,8480039,Martin Necas,C,78,1,1.0,7.0,0.01282051282051282,0.01282051282051282,0.08974358974358974,3.974358974358974,1.6042965129336817,16.04
1315,2022-2023,8480039,Martin Necas,C,82,4,12.0,8.0,0.04878048780487805,0.14634146341463414,0.0975609756097561,10.975609756097562,2.482872061090213,24.83
1316,2023-2024,8480039,Martin Necas,C,77,2,3.0,9.0,0.025974025974025976,0.03896103896103896,0.11688311688311688,6.363636363636363,1.9965538818740682,19.97
1319,2021-2022,8480064,Josh Norris,C,66,1,7.0,16.0,0.015151515151515152,0.10606060606060606,0.24242424242424243,13.560606060606059,2.678319666943867,26.78
1320,2022-2023,8480064,Josh Norris,C,8,0,1.0,0.0,0.0,0.125,0.0,5.625,1.890850371872286,18.91
1321,2023-2024,8480064,Josh Norris,C,50,0,2.0,6.0,0.0,0.04,0.12,6.0,1.9459101490553132,19.46
1334,2021-2022,8480113,Alex Iafallo,L,79,1,2.0,9.0,0.012658227848101266,0.02531645569620253,0.11392405063291139,5.379746835443037,1.853128415604347,18.53
1335,2022-2023,8480113,Alex Iafallo,L,59,0,4.0,3.0,0.0,0.06779661016949153,0.05084745762711865,4.830508474576272,1.7631042134676789,17.63
1336,2023-2024,8480113,Alex Iafallo,L,82,0,2.0,4.0,0.0,0.024390243902439025,0.04878048780487805,2.8048780487804876,1.3362839405452291,13.36
1343,2021-2022,8480188,Fabian Zetterlund,L,14,0,2.0,0.0,0.0,0.14285714285714285,0.0,6.428571428571428,2.005333569526114,20.05
1344,2022-2023,8480188,Fabian Zetterlund,L,67,1,1.0,4.0,0.014925373134328358,0.014925373134328358,0.05970149253731343,3.059701492537313,1.4011094469050311,14.01
1345,2023-2024,8480188,Fabian Zetterlund,L,82,0,3.0,7.0,0.0,0.036585365853658534,0.08536585365853659,4.634146341463414,1.7288456438174857,17.29
1349,2021-2022,8480208,Drake Batherson,R,46,1,4.0,5.0,0.021739130434782608,0.08695652173913043,0.10869565217391304,8.152173913043478,2.2139914371932865,22.14
1350,2022-2023,8480208,Drake Batherson,R,82,0,6.0,4.0,0.0,0.07317073170731707,0.04878048780487805,5.0,1.791759469228055,17.92
1351,2023-2024,8480208,Drake Batherson,R,82,1,5.0,6.0,0.012195121951219513,0.06097560975609756,0.07317073170731707,5.548780487804878,1.8792788472446116,18.79
1355,2021-2022,8480220,Noah Cates,L,16,0,1.0,0.0,0.0,0.0625,0.0,2.8125,1.33828514193353,13.38
1356,2022-2023,8480220,Noah Cates,L,82,0,1.0,6.0,0.0,0.012195121951219513,0.07317073170731707,3.1097560975609757,1.4133636830881084,14.13
1357,2023-2024,8480220,Noah Cates,L,59,0,2.0,2.0,0.0,0.03389830508474576,0.03389830508474576,2.711864406779661,1.3115342859107813,13.12
1395,2021-2022,8480459,Pius Suter,C,82,0,2.0,7.0,0.0,0.024390243902439025,0.08536585365853659,4.085365853658537,1.6263669745345484,16.26
1396,2022-2023,8480459,Pius Suter,C,79,0,3.0,2.0,0.0,0.0379746835443038,0.02531645569620253,2.5949367088607596,1.2795263856941845,12.8
1397,2023-2024,8480459,Pius Suter,C,67,0,1.0,4.0,0.0,0.014925373134328358,0.05970149253731343,2.761194029850746,1.3247364681204572,13.25
1400,2021-2022,8480748,Kiefer Sherwood,L,11,0,0.0,0.0,0.0,0.0,0.0,0.0,0.0,0.0
1401,2022-2023,8480748,Kiefer Sherwood,L,32,0,2.0,4.0,0.0,0.0625,0.125,7.187499999999999,2.1026086009613705,21.03
1402,2023-2024,8480748,Kiefer Sherwood,L,68,0,0.0,3.0,0.0,0.0,0.04411764705882353,1.5441176470588236,0.9337838893216722,9.34
1403,2021-2022,8480762,Eric Robinson,L,67,0,2.0,4.0,0.0,0.029850746268656716,0.05970149253731343,3.4328358208955216,1.4890395194117332,14.89
1404,2022-2023,8480762,Eric Robinson,L,72,0,0.0,2.0,0.0,0.0,0.027777777777777776,0.9722222222222221,0.6791609385852053,6.79
1405,2023-2024,8480762,Eric Robinson,L,47,0,0.0,3.0,0.0,0.0,0.06382978723404255,2.234042553191489,1.1737329191362178,11.74
1412,2021-2022,8480797,Joel Farabee,L,63,0,6.0,6.0,0.0,0.09523809523809523,0.09523809523809523,7.619047619047619,2.1539745935424026,21.54
1413,2022-2023,8480797,Joel Farabee,L,82,0,3.0,4.0,0.0,0.036585365853658534,0.04878048780487805,3.353658536585366,1.4710165345153858,14.71
1414,2023-2024,8480797,Joel Farabee,L,82,1,2.0,8.0,0.012195121951219513,0.024390243902439025,0.0975609756097561,4.7560975609756095,1.7502597383213023,17.5
1418,2021-2022,8480801,Brady Tkachuk,L,79,1,8.0,5.0,0.012658227848101266,0.10126582278481013,0.06329113924050633,7.025316455696203,2.0826011019702046,20.83
1419,2022-2023,8480801,Brady Tkachuk,L,82,2,7.0,14.0,0.024390243902439025,0.08536585365853659,0.17073170731707318,10.30487804878049,2.425234318301602,24.25
1420,2023-2024,8480801,Brady Tkachuk,L,81,1,6.0,14.0,0.012345679012345678,0.07407407407407407,0.1728395061728395,9.629629629629628,2.363645349755292,23.64
1421,2021-2022,8480802,Ryan McLeod,C,71,0,1.0,0.0,0.0,0.014084507042253521,0.0,0.6338028169014085,0.49091031406504926,4.91
1422,2022-2023,8480802,Ryan McLeod,C,57,0,2.0,2.0,0.0,0.03508771929824561,0.03508771929824561,2.807017543859649,1.3368460857059095,13.37
1423,2023-2024,8480802,Ryan McLeod,C,81,0,0.0,7.0,0.0,0.0,0.08641975308641975,3.024691358024691,1.3924482266942688,13.92
1438,2021-2022,8480830,Andrei Svechnikov,R,78,1,3.0,5.0,0.01282051282051282,0.038461538461538464,0.0641025641025641,4.23076923076923,1.6545583477145698,16.55
1439,2022-2023,8480830,Andrei Svechnikov,R,64,0,2.0,7.0,0.0,0.03125,0.109375,5.234374999999999,1.8300783335301916,18.3
1440,2023-2024,8480830,Andrei Svechnikov,R,59,0,2.0,8.0,0.0,0.03389830508474576,0.13559322033898305,6.271186440677965,1.9839194750222975,19.84
1460,2021-2022,8480849,Barrett Hayton,C,60,0,3.0,3.0,0.0,0.05,0.05,4.0,1.6094379124341003,16.09
1461,2022-2023,8480849,Barrett Hayton,C,82,2,3.0,8.0,0.024390243902439025,0.036585365853658534,0.0975609756097561,5.548780487804877,1.8792788472446114,18.79
1462,2023-2024,8480849,Barrett Hayton,C,33,0,1.0,1.0,0.0,0.030303030303030304,0.030303030303030304,2.4242424242424243,1.2308802572458604,12.31
1481,2022-2023,8480893,Kirill Marchenko,R,59,1,8.0,4.0,0.01694915254237288,0.13559322033898305,0.06779661016949153,8.813559322033898,2.283765033667276,22.84
1482,2023-2024,8480893,Kirill Marchenko,R,78,0,4.0,10.0,0.0,0.05128205128205128,0.1282051282051282,6.794871794871795,2.053466055276575,20.53
1504,2021-2022,8481032,Paul Cotter,L,7,0,0.0,1.0,0.0,0.0,0.14285714285714285,5.0,1.791759469228055,17.92
1505,2022-2023,8481032,Paul Cotter,L,55,0,1.0,4.0,0.0,0.01818181818181818,0.07272727272727272,3.3636363636363633,1.4733057381095203,14.73
1506,2023-2024,8481032,Paul Cotter,L,76,0,3.0,1.0,0.0,0.039473684210526314,0.013157894736842105,2.236842105263158,1.1745981956460319,11.75
1514,2021-2022,8481068,Yegor Sharangovich,C,76,0,5.0,8.0,0.0,0.06578947368421052,0.10526315789473684,6.644736842105263,2.03401741656558,20.34
1515,2022-2023,8481068,Yegor Sharangovich,C,75,1,1.0,5.0,0.013333333333333334,0.013333333333333334,0.06666666666666667,3.1999999999999993,1.4350845252893225,14.35
1516,2023-2024,8481068,Yegor Sharangovich,C,82,1,8.0,8.0,0.012195121951219513,0.0975609756097561,0.0975609756097561,8.048780487804878,2.2026299959031275,22.03
1564,2021-2022,8481528,Dylan Cozens,C,79,0,3.0,5.0,0.0,0.0379746835443038,0.06329113924050633,3.9240506329113924,1.5941314911514246,15.94
1565,2022-2023,8481528,Dylan Cozens,C,81,1,5.0,13.0,0.012345679012345678,0.06172839506172839,0.16049382716049382,8.641975308641975,2.266125995167247,22.66
1566,2023-2024,8481528,Dylan Cozens,C,79,1,2.0,6.0,0.012658227848101266,0.02531645569620253,0.0759493670886076,4.050632911392405,1.619513564422842,16.2
1571,2021-2022,8481533,Trevor Zegras,C,75,1,2.0,12.0,0.013333333333333334,0.02666666666666667,0.16,7.0666666666666655,2.087740344494531,20.88
1572,2022-2023,8481533,Trevor Zegras,C,81,2,7.0,7.0,0.024691358024691357,0.08641975308641975,0.08641975308641975,7.4074074074074066,2.1291131514770734,21.29
1573,2023-2024,8481533,Trevor Zegras,C,31,0,1.0,1.0,0.0,0.03225806451612903,0.03225806451612903,2.5806451612903225,1.2755429968271879,12.76
1578,2021-2022,8481540,Cole Caufield,R,67,2,4.0,4.0,0.029850746268656716,0.05970149253731343,0.05970149253731343,5.3731343283582085,1.8520913938376584,18.52
1579,2022-2023,8481540,Cole Caufield,R,46,0,9.0,8.0,0.0,0.1956521739130435,0.17391304347826086,14.891304347826088,2.7657720632606835,27.66
1580,2023-2024,8481540,Cole Caufield,R,82,3,4.0,13.0,0.036585365853658534,0.04878048780487805,0.15853658536585366,8.47560975609756,2.248721103103394,22.49
1586,2021-2022,8481553,Bobby Brink,R,10,0,0.0,0.0,0.0,0.0,0.0,0.0,0.0,0.0
1587,2023-2024,8481553,Bobby Brink,R,57,0,0.0,5.0,0.0,0.0,0.08771929824561403,3.0701754385964906,1.4036861038317596,14.04
1592,2021-2022,8481557,Matt Boldy,L,47,0,4.0,2.0,0.0,0.0851063829787234,0.0425531914893617,5.319148936170213,1.843584537092641,18.44
1593,2022-2023,8481557,Matt Boldy,L,81,1,5.0,11.0,0.012345679012345678,0.06172839506172839,0.13580246913580246,7.777777777777777,2.172223275130802,21.72
1594,2023-2024,8481557,Matt Boldy,L,75,1,4.0,10.0,0.013333333333333334,0.05333333333333334,0.13333333333333333,7.333333333333332,2.120263536200091,21.2
1595,2021-2022,8481559,Jack Hughes,C,49,2,5.0,12.0,0.04081632653061224,0.10204081632653061,0.24489795918367346,13.979591836734691,2.7066887305038887,27.07
1596,2022-2023,8481559,Jack Hughes,C,78,1,7.0,15.0,0.01282051282051282,0.08974358974358974,0.19230769230769232,11.025641025641027,2.487041122316633,24.87
1597,2023-2024,8481559,Jack Hughes,C,62,2,4.0,9.0,0.03225806451612903,0.06451612903225806,0.14516129032258066,8.629032258064516,2.2647827283475106,22.65
1605,2021-2022,8481580,Connor McMichael,C,68,0,2.0,3.0,0.0,0.029411764705882353,0.04411764705882353,2.8676470588235294,1.3526463270016578,13.53
1606,2022-2023,8481580,Connor McMichael,C,6,0,0.0,0.0,0.0,0.0,0.0,0.0,0.0,0.0
1607,2023-2024,8481580,Connor McMichael,C,80,0,6.0,6.0,0.0,0.075,0.075,6.0,1.9459101490553132,19.46
1608,2021-2022,8481582,Nicholas Robertson,L,10,0,0.0,0.0,0.0,0.0,0.0,0.0,0.0,0.0
1609,2022-2023,8481582,Nicholas Robertson,L,15,1,0.0,2.0,0.06666666666666667,0.0,0.13333333333333333,6.0,1.9459101490553132,19.46
1610,2023-2024,8481582,Nicholas Robertson,L,56,0,1.0,3.0,0.0,0.017857142857142856,0.05357142857142857,2.6785714285714284,1.3025244780544318,13.03
1617,2021-2022,8481596,Shane Pinto,C,5,0,0.0,0.0,0.0,0.0,0.0,0.0,0.0,0.0
1618,2022-2023,8481596,Shane Pinto,C,82,0,5.0,9.0,0.0,0.06097560975609756,0.10975609756097561,6.585365853658537,2.0262208454749264,20.26
1619,2023-2024,8481596,Shane Pinto,C,41,1,3.0,2.0,0.024390243902439025,0.07317073170731707,0.04878048780487805,5.487804878048781,1.8699242420773914,18.7
1620,2022-2023,8481601,Simon Holmstrom,R,50,0,0.0,1.0,0.0,0.0,0.02,0.7,0.5306282510621704,5.31
1621,2023-2024,8481601,Simon Holmstrom,R,75,0,3.0,4.0,0.0,0.04,0.05333333333333334,3.6666666666666665,1.5404450409471488,15.4
1623,2022-2023,8481604,Pavel Dorofeyev,R,18,0,2.0,3.0,0.0,0.1111111111111111,0.16666666666666666,10.833333333333332,2.4709204078132605,24.71
1624,2023-2024,8481604,Pavel Dorofeyev,R,47,0,2.0,8.0,0.0,0.0425531914893617,0.1702127659574468,7.872340425531915,2.182938620088743,21.83
1628,2021-2022,8481618,Alex Newhook,C,71,0,0.0,5.0,0.0,0.0,0.07042253521126761,2.464788732394366,1.2426516588910472,12.43
1629,2022-2023,8481618,Alex Newhook,C,82,0,0.0,5.0,0.0,0.0,0.06097560975609756,2.1341463414634143,1.1423568376309665,11.42
1630,2023-2024,8481618,Alex Newhook,C,55,0,3.0,7.0,0.0,0.05454545454545454,0.12727272727272726,6.909090909090909,2.068012845856213,20.68
1631,2021-2022,8481624,Ilya Mikheyev,R,53,0,2.0,6.0,0.0,0.03773584905660377,0.11320754716981132,5.660377358490567,1.896176143381175,18.96
1632,2022-2023,8481624,Ilya Mikheyev,R,46,0,5.0,4.0,0.0,0.10869565217391304,0.08695652173913043,7.934782608695652,2.1899518180071396,21.9
1633,2023-2024,8481624,Ilya Mikheyev,R,78,0,0.0,1.0,0.0,0.0,0.01282051282051282,0.4487179487179487,0.3706789920227488,3.71
1641,2021-2022,8481656,Aliaksei Protas,C,33,0,0.0,2.0,0.0,0.0,0.06060606060606061,2.121212121212121,1.1382214267631554,11.38
1642,2022-2023,8481656,Aliaksei Protas,C,58,0,0.0,0.0,0.0,0.0,0.0,0.0,0.0,0.0
1643,2023-2024,8481656,Aliaksei Protas,C,78,0,0.0,5.0,0.0,0.0,0.0641025641025641,2.243589743589743,1.1766806620379284,11.77
1657,2023-2024,8481716,Dmitri Voronkov,L,75,0,6.0,5.0,0.0,0.08,0.06666666666666667,5.933333333333334,1.9363406980391626,19.36
1682,2022-2023,8482077,Dylan Holloway,L,51,0,1.0,1.0,0.0,0.0196078431372549,0.0196078431372549,1.5686274509803921,0.9433716904768257,9.43
1683,2023-2024,8482077,Dylan Holloway,L,38,0,0.0,1.0,0.0,0.0,0.02631578947368421,0.9210526315789472,0.6528732814220054,6.53
1684,2021-2022,8482078,Lucas Raymond,L,82,2,5.0,7.0,0.024390243902439025,0.06097560975609756,0.08536585365853659,6.219512195121951,1.9767873876197526,19.77
1685,2022-2023,8482078,Lucas Raymond,L,74,0,5.0,7.0,0.0,0.06756756756756757,0.0945945945945946,6.351351351351352,1.994884153651773,19.95
1686,2023-2024,8482078,Lucas Raymond,L,82,3,9.0,9.0,0.036585365853658534,0.10975609756097561,0.10975609756097561,9.512195121951219,2.35253602339944,23.53
1687,2021-2022,8482079,Marco Rossi,C,2,0,0.0,0.0,0.0,0.0,0.0,0.0,0.0,0.0
1688,2022-2023,8482079,Marco Rossi,C,19,0,0.0,0.0,0.0,0.0,0.0,0.0,0.0,0.0
1689,2023-2024,8482079,Marco Rossi,C,82,1,2.0,8.0,0.012195121951219513,0.024390243902439025,0.0975609756097561,4.7560975609756095,1.7502597383213023,17.5
1692,2021-2022,8482089,Jake Neighbours,L,9,0,0.0,0.0,0.0,0.0,0.0,0.0,0.0,0.0
1693,2022-2023,8482089,Jake Neighbours,L,43,0,1.0,2.0,0.0,0.023255813953488372,0.046511627906976744,2.6744186046511627,1.3013949173334043,13.01
1694,2023-2024,8482089,Jake Neighbours,L,77,0,4.0,9.0,0.0,0.05194805194805195,0.11688311688311688,6.428571428571428,2.005333569526114,20.05
1697,2021-2022,8482093,Seth Jarvis,C,68,1,1.0,9.0,0.014705882352941176,0.014705882352941176,0.1323529411764706,5.588235294117647,1.8852855272388784,18.85
1698,2022-2023,8482093,Seth Jarvis,C,82,0,2.0,5.0,0.0,0.024390243902439025,0.06097560975609756,3.231707317073171,1.4426055326826062,14.43
1699,2023-2024,8482093,Seth Jarvis,C,81,1,6.0,8.0,0.012345679012345678,0.07407407407407407,0.09876543209876543,7.037037037037036,2.0840604875361306,20.84
1700,2021-2022,8482097,Jack Quinn,R,2,0,0.0,0.0,0.0,0.0,0.0,0.0,0.0,0.0
1701,2022-2023,8482097,Jack Quinn,R,75,0,1.0,2.0,0.0,0.013333333333333334,0.02666666666666667,1.5333333333333334,0.9295359586241757,9.3
1702,2023-2024,8482097,Jack Quinn,R,27,0,4.0,0.0,0.0,0.14814814814814814,0.0,6.666666666666667,2.03688192726104,20.37
1706,2021-2022,8482109,Alexis Lafrenire,L,79,0,4.0,6.0,0.0,0.05063291139240506,0.0759493670886076,4.936708860759493,1.781154915979258,17.81
1707,2022-2023,8482109,Alexis Lafrenire,L,81,1,3.0,5.0,0.012345679012345678,0.037037037037037035,0.06172839506172839,4.0740740740740735,1.6241440598237957,16.24
1708,2023-2024,8482109,Alexis Lafrenire,L,82,1,3.0,11.0,0.012195121951219513,0.036585365853658534,0.13414634146341464,6.585365853658537,2.0262208454749264,20.26
1709,2021-2022,8482110,Dawson Mercer,C,82,0,3.0,4.0,0.0,0.036585365853658534,0.04878048780487805,3.353658536585366,1.4710165345153858,14.71
1710,2022-2023,8482110,Dawson Mercer,C,82,1,5.0,6.0,0.012195121951219513,0.06097560975609756,0.07317073170731707,5.548780487804878,1.8792788472446116,18.79
1711,2023-2024,8482110,Dawson Mercer,C,82,0,4.0,5.0,0.0,0.04878048780487805,0.06097560975609756,4.329268292682927,1.673213947831337,16.73
1712,2021-2022,8482113,Anton Lundell,C,65,0,2.0,4.0,0.0,0.03076923076923077,0.06153846153846154,3.5384615384615383,1.5125880864441827,15.13
1713,2022-2023,8482113,Anton Lundell,C,73,0,2.0,5.0,0.0,0.0273972602739726,0.0684931506849315,3.6301369863013697,1.5325864543346277,15.33
1714,2023-2024,8482113,Anton Lundell,C,78,1,2.0,3.0,0.01282051282051282,0.02564102564102564,0.038461538461538464,2.756410256410257,1.3234637823274757,13.23
1715,2021-2022,8482116,Tim Sttzle,C,79,1,2.0,11.0,0.012658227848101266,0.02531645569620253,0.13924050632911392,6.265822784810126,1.9831815438525449,19.83
1716,2022-2023,8482116,Tim Sttzle,C,78,1,6.0,9.0,0.01282051282051282,0.07692307692307693,0.11538461538461539,7.756410256410258,2.1697860328811984,21.7
1717,2023-2024,8482116,Tim Sttzle,C,75,2,6.0,3.0,0.02666666666666667,0.08,0.04,5.533333333333334,1.876917277568362,18.77
1722,2021-2022,8482124,Quinton Byfield,R,40,0,0.0,1.0,0.0,0.0,0.025,0.8749999999999999,0.6286086594223741,6.29
1723,2022-2023,8482124,Quinton Byfield,R,53,0,0.0,2.0,0.0,0.0,0.03773584905660377,1.320754716981132,0.8418924418202958,8.42
1724,2023-2024,8482124,Quinton Byfield,R,80,0,4.0,7.0,0.0,0.05,0.0875,5.3125,1.8425317946014783,18.43
1738,2021-2022,8482149,Cole Perfetti,C,18,0,0.0,0.0,0.0,0.0,0.0,0.0,0.0,0.0
1739,2022-2023,8482149,Cole Perfetti,C,51,0,0.0,3.0,0.0,0.0,0.058823529411764705,2.0588235294117645,1.1180303745252111,11.18
1740,2023-2024,8482149,Cole Perfetti,C,71,0,1.0,5.0,0.0,0.014084507042253521,0.07042253521126761,3.0985915492957745,1.410643390130177,14.11
1743,2023-2024,8482155,Alex Laferriere,R,81,0,2.0,5.0,0.0,0.024691358024691357,0.06172839506172839,3.2716049382716053,1.4519896203852856,14.52
1744,2022-2023,8482157,Will Cuylle,L,4,0,0.0,0.0,0.0,0.0,0.0,0.0,0.0,0.0
1745,2023-2024,8482157,Will Cuylle,L,81,0,2.0,7.0,0.0,0.024691358024691357,0.08641975308641975,4.135802469135802,1.6362361055888244,16.36
1746,2022-2023,8482159,Tyson Foerster,R,8,0,1.0,0.0,0.0,0.125,0.0,5.625,1.890850371872286,18.91
1747,2023-2024,8482159,Tyson Foerster,R,77,0,5.0,5.0,0.0,0.06493506493506493,0.06493506493506493,5.194805194805195,1.8237110690346574,18.24
1750,2021-2022,8482175,JJ Peterka,R,2,0,0.0,0.0,0.0,0.0,0.0,0.0,0.0,0.0
1751,2022-2023,8482175,JJ Peterka,R,77,0,4.0,2.0,0.0,0.05194805194805195,0.025974025974025976,3.2467532467532463,1.4461547490435693,14.46
1752,2023-2024,8482175,JJ Peterka,R,82,0,3.0,12.0,0.0,0.036585365853658534,0.14634146341463414,6.7682926829268295,2.0500504083079103,20.5
1770,2022-2023,8482259,Bobby McMann,C,10,0,0.0,0.0,0.0,0.0,0.0,0.0,0.0,0.0
1771,2023-2024,8482259,Bobby McMann,C,56,0,2.0,3.0,0.0,0.03571428571428571,0.05357142857142857,3.482142857142857,1.5001012483966347,15.0
1780,2023-2024,8482476,Emil Heineman,L,4,0,0.0,0.0,0.0,0.0,0.0,0.0,0.0,0.0
1795,2021-2022,8482660,Kent Johnson,C,9,0,0.0,0.0,0.0,0.0,0.0,0.0,0.0,0.0
1796,2022-2023,8482660,Kent Johnson,C,79,1,1.0,9.0,0.012658227848101266,0.012658227848101266,0.11392405063291139,4.810126582278481,1.7596023575935236,17.6
1797,2023-2024,8482660,Kent Johnson,C,42,1,2.0,1.0,0.023809523809523808,0.047619047619047616,0.023809523809523808,3.4523809523809526,1.4934389985712184,14.93
1798,2021-2022,8482665,Matty Beniers,C,10,0,1.0,1.0,0.0,0.1,0.1,8.0,2.1972245773362196,21.97
1799,2022-2023,8482665,Matty Beniers,C,80,1,3.0,7.0,0.0125,0.0375,0.0875,5.0,1.791759469228055,17.92
1800,2023-2024,8482665,Matty Beniers,C,77,0,3.0,2.0,0.0,0.03896103896103896,0.025974025974025976,2.662337662337662,1.2981016490844297,12.98
1801,2021-2022,8482667,William Eklund,L,9,0,0.0,0.0,0.0,0.0,0.0,0.0,0.0,0.0
1802,2022-2023,8482667,William Eklund,L,8,0,0.0,1.0,0.0,0.0,0.125,4.375,1.6817585740137264,16.82
1803,2023-2024,8482667,William Eklund,L,80,2,2.0,7.0,0.025,0.025,0.0875,4.6875,1.7382707842770688,17.38
1804,2022-2023,8482679,Matt Coronato,R,1,0,0.0,0.0,0.0,0.0,0.0,0.0,0.0,0.0
1805,2023-2024,8482679,Matt Coronato,R,34,0,1.0,1.0,0.0,0.029411764705882353,0.029411764705882353,2.3529411764705883,1.209837923778334,12.1
1807,2022-2023,8482699,Dylan Guenther,R,33,0,2.0,1.0,0.0,0.06060606060606061,0.030303030303030304,3.787878787878788,1.5660874715604867,15.66
1808,2023-2024,8482699,Dylan Guenther,R,45,1,4.0,5.0,0.022222222222222223,0.08888888888888889,0.1111111111111111,8.333333333333332,2.2335922215070942,22.34
1809,2023-2024,8482702,Logan Stankoven,C,24,0,3.0,1.0,0.0,0.125,0.041666666666666664,7.083333333333333,2.0898043287153825,20.9
1816,2022-2023,8482720,Matthew Knies,L,3,0,0.0,0.0,0.0,0.0,0.0,0.0,0.0,0.0
1817,2023-2024,8482720,Matthew Knies,L,80,0,4.0,7.0,0.0,0.05,0.0875,5.3125,1.8425317946014783,18.43
1818,2023-2024,8482737,Zachary Bolduc,R,25,0,0.0,3.0,0.0,0.0,0.12,4.199999999999999,1.6486586255873816,16.49
1819,2022-2023,8482740,Wyatt Johnston,C,82,0,4.0,8.0,0.0,0.04878048780487805,0.0975609756097561,5.609756097560975,1.888546754175393,18.89
1820,2023-2024,8482740,Wyatt Johnston,C,82,0,5.0,7.0,0.0,0.06097560975609756,0.08536585365853659,5.7317073170731705,1.906828799012842,19.07
1822,2021-2022,8482745,Mason McTavish,C,9,0,0.0,1.0,0.0,0.0,0.1111111111111111,3.8888888888888884,1.5869650565820417,15.87
1823,2022-2023,8482745,Mason McTavish,C,80,0,6.0,4.0,0.0,0.075,0.05,5.125,1.8123787564307907,18.12
1824,2023-2024,8482745,Mason McTavish,C,64,1,2.0,6.0,0.015625,0.03125,0.09375,5.0,1.791759469228055,17.92
1831,2023-2024,8482809,Jackson Blake,R,1,0,0.0,0.0,0.0,0.0,0.0,0.0,0.0,0.0
1844,2023-2024,8483431,Logan Cooley,C,82,1,2.0,8.0,0.012195121951219513,0.024390243902439025,0.0975609756097561,4.7560975609756095,1.7502597383213023,17.5
1858,2022-2023,8483524,Shane Wright,C,8,0,1.0,0.0,0.0,0.125,0.0,5.625,1.890850371872286,18.91
1859,2023-2024,8483524,Shane Wright,C,8,0,0.0,2.0,0.0,0.0,0.25,8.75,2.277267285009756,22.77
1877,2023-2024,8484144,Connor Bedard,C,68,1,6.0,9.0,0.014705882352941176,0.08823529411764706,0.1323529411764706,8.897058823529411,2.292237624468621,22.92
1880,2023-2024,8484153,Leo Carlsson,C,55,0,4.0,0.0,0.0,0.07272727272727272,0.0,3.272727272727273,1.4522523289116882,14.52
1881,2023-2024,8484166,Adam Fantilli,C,49,0,3.0,7.0,0.0,0.061224489795918366,0.14285714285714285,7.755102040816326,2.16963662081739,21.7
