,playerId,Player,positionCode,gamesPlayed,goals,assists,ot_goals,game_winning_goals,time_on_ice_per_game,teamAbbrevs,regulation_game_winning,goals_up_by_one,goals_down_by_one,goals_when_tied,total_goals,shots,ixG,iFF,iSCF,iHDCF,rebounds_created,iCF,ot_goals_per_game,regulation_game_winning_per_game,assists_per_game,goals_up_by_one_per_game,goals_down_by_one_per_game,goals_when_tied_per_game,shots_per_game,ixG_per_game,iFF_per_game,iSCF_per_game,iHDCF_per_game,iCF_per_game,rebounds_created_per_game,clutch_score,clutch_score_rank,predicted_clutch_score,log,log_adjusted,predicted_clutch_score_adjusted,lower_bound_log,upper_bound_log,predicted_log_adjusted,Significantly_Clutch
131,8477492,Nathan MacKinnon,C,115,62,115,2,9,1342.93295,COL,7,18.0,11.0,15.0,62.0,483.0,49.31,643.0,462.0,141.0,75.0,867.0,0.017391304347826087,0.06086956521739131,1.0,0.1565217391304348,0.09565217391304348,0.13043478260869565,4.2,0.4287826086956522,5.591304347826087,4.017391304347826,1.2260869565217392,7.539130434782609,0.6521739130434783,9.39,25.0,2.550262970106701,2.340843805111136,23.41,25.5,19.99,26.49,23.24,
224,8479318,Auston Matthews,C,98,47,54,2,4,1239.1963999999998,TOR,2,10.0,12.0,11.0,47.0,375.0,51.86,549.0,431.0,174.0,67.0,680.0,0.02040816326530612,0.02040816326530612,0.5510204081632653,0.10204081632653061,0.12244897959183673,0.11224489795918367,3.826530612244898,0.5291836734693878,5.6020408163265305,4.3979591836734695,1.7755102040816326,6.938775510204081,0.6836734693877551,9.8,22.0,2.4946845960776165,2.379546134130174,23.8,24.95,18.19,24.69,21.44,
289,8480801,Brady Tkachuk,L,88,35,36,5,7,1083.40625,OTT,2,3.0,7.0,15.0,35.0,369.0,45.45,516.0,374.0,189.0,68.0,629.0,0.056818181818181816,0.022727272727272728,0.4090909090909091,0.03409090909090909,0.07954545454545454,0.17045454545454544,4.193181818181818,0.5164772727272727,5.863636363636363,4.25,2.147727272727273,7.1477272727272725,0.7727272727272727,11.14,11.0,2.4548330961962908,2.4965057856313524,24.97,24.55,19.16,25.66,22.41,
212,8478864,Kirill Kaprizov,L,79,47,52,4,7,1341.9595,MIN,3,12.0,6.0,16.0,47.0,276.0,38.98,399.0,292.0,114.0,55.0,553.0,0.05063291139240506,0.0379746835443038,0.6582278481012658,0.1518987341772152,0.0759493670886076,0.20253164556962025,3.4936708860759493,0.49341772151898733,5.050632911392405,3.6962025316455698,1.4430379746835442,7.0,0.6962025316455697,12.15,4.0,2.450892626520349,2.5764217586237734,25.76,24.51,21.26,27.76,24.51,
181,8478402,Connor McDavid,C,105,49,118,0,4,1339.3481000000002,EDM,4,13.0,8.0,13.0,49.0,325.0,44.66,476.0,377.0,163.0,70.0,604.0,0.0,0.0380952380952381,1.1238095238095238,0.12380952380952381,0.0761904761904762,0.12380952380952381,3.0952380952380953,0.4253333333333333,4.533333333333333,3.5904761904761906,1.5523809523809524,5.752380952380952,0.6666666666666666,8.0,49.0,2.434769716895888,2.1972245773362196,21.97,24.35,15.59,22.09,18.84,
329,8481559,Jack Hughes,C,81,38,53,3,9,1260.02415,NJD,6,5.0,5.0,14.0,38.0,301.0,31.94,418.0,310.0,103.0,65.0,598.0,0.037037037037037035,0.07407407407407407,0.654320987654321,0.06172839506172839,0.06172839506172839,0.1728395061728395,3.7160493827160495,0.394320987654321,5.160493827160494,3.8271604938271606,1.271604938271605,7.382716049382716,0.8024691358024691,10.12,19.0,2.4285750707348215,2.4087452888224363,24.09,24.29,18.31,24.81,21.56,
73,8476453,Nikita Kucherov,R,110,50,116,2,12,1253.88895,TBL,10,8.0,6.0,22.0,50.0,364.0,38.31,542.0,358.0,104.0,69.0,790.0,0.01818181818181818,0.09090909090909091,1.0545454545454545,0.07272727272727272,0.05454545454545454,0.2,3.309090909090909,0.3482727272727273,4.927272727272728,3.2545454545454544,0.9454545454545454,7.181818181818182,0.6272727272727273,10.55,16.0,2.3937082203225617,2.446685436967803,24.47,23.94,18.66,25.16,21.91,
160,8477956,David Pastrnak,R,115,57,89,3,6,1204.44895,BOS,3,8.0,9.0,16.0,57.0,432.0,43.58,610.0,360.0,127.0,78.0,876.0,0.02608695652173913,0.02608695652173913,0.7739130434782608,0.06956521739130435,0.0782608695652174,0.1391304347826087,3.756521739130435,0.3789565217391304,5.304347826086956,3.130434782608696,1.1043478260869566,7.6173913043478265,0.6782608695652174,9.22,27.0,2.3924214635704337,2.3243465847755584,23.24,23.92,14.09,20.6,17.35,True
328,8481557,Matt Boldy,L,120,49,67,2,12,1244.15945,MIN,10,12.0,7.0,15.0,49.0,394.0,48.75,620.0,391.0,164.0,68.0,803.0,0.016666666666666666,0.08333333333333333,0.5583333333333333,0.1,0.058333333333333334,0.125,3.283333333333333,0.40625,5.166666666666667,3.2583333333333333,1.3666666666666667,6.691666666666666,0.5666666666666667,7.67,53.0,2.33719558144418,2.1598687907924505,21.6,23.37,18.83,25.34,22.09,
149,8477934,Leon Draisaitl,C,109,72,89,7,13,1303.1132,EDM,6,11.0,13.0,27.0,72.0,346.0,45.66,508.0,319.0,118.0,62.0,625.0,0.06422018348623854,0.05504587155963303,0.8165137614678899,0.10091743119266056,0.11926605504587157,0.24770642201834864,3.1743119266055047,0.4188990825688073,4.660550458715596,2.926605504587156,1.0825688073394495,5.73394495412844,0.5688073394495413,15.96,1.0,2.323692924398071,2.830857630363757,28.31,23.24,19.03,25.53,22.28,True
431,8484801,Macklin Celebrini,C,107,44,74,3,8,1210.9266,SJS,5,8.0,8.0,16.0,44.0,349.0,36.32,510.0,374.0,106.0,63.0,674.0,0.028037383177570093,0.04672897196261682,0.6915887850467289,0.07476635514018691,0.07476635514018691,0.14953271028037382,3.2616822429906542,0.3394392523364486,4.766355140186916,3.4953271028037385,0.9906542056074766,6.299065420560748,0.5887850467289719,9.53,24.0,2.3097618000185,2.354228326145884,23.54,23.1,21.3,27.8,24.55,
148,8477933,Sam Reinhart,C,115,58,61,0,9,1241.0279,FLA,9,10.0,10.0,21.0,58.0,306.0,52.39,494.0,411.0,207.0,64.0,628.0,0.0,0.0782608695652174,0.5304347826086957,0.08695652173913043,0.08695652173913043,0.1826086956521739,2.6608695652173915,0.45556521739130434,4.2956521739130435,3.5739130434782607,1.8,5.460869565217391,0.5565217391304348,10.78,12.0,2.289428532807558,2.4664031782234406,24.66,22.89,19.64,26.15,22.89,
97,8476887,Filip Forsberg,L,118,47,58,0,4,1117.8353499999998,NSH,4,8.0,8.0,15.0,47.0,396.0,45.52,611.0,373.0,139.0,58.0,845.0,0.0,0.03389830508474576,0.4915254237288136,0.06779661016949153,0.06779661016949153,0.1271186440677966,3.3559322033898304,0.3857627118644068,5.177966101694915,3.1610169491525424,1.1779661016949152,7.161016949152542,0.4915254237288136,7.8,50.0,2.286219753833046,2.174751721484161,21.75,22.86,18.89,25.39,22.14,
222,8479314,Matthew Tkachuk,L,52,22,35,0,2,1093.8846,FLA,2,7.0,2.0,5.0,22.0,156.0,22.12,237.0,152.0,78.0,46.0,316.0,0.0,0.038461538461538464,0.6730769230769231,0.1346153846153846,0.038461538461538464,0.09615384615384616,3.0,0.4253846153846154,4.5576923076923075,2.923076923076923,1.5,6.076923076923077,0.8846153846153846,5.38,142.0,2.283541554960084,1.8531680973566984,18.53,22.84,18.28,24.78,21.53,
243,8479542,Brandon Hagel,L,114,53,68,0,8,1196.17375,TBL,8,11.0,7.0,18.0,53.0,323.0,49.19,473.0,382.0,168.0,75.0,654.0,0.0,0.07017543859649122,0.5964912280701754,0.09649122807017543,0.06140350877192982,0.15789473684210525,2.8333333333333335,0.4314912280701754,4.149122807017544,3.3508771929824563,1.4736842105263157,5.7368421052631575,0.6578947368421053,8.77,33.0,2.279498875098158,2.2793164660546914,22.79,22.79,17.09,23.6,20.34,
179,8478398,Kyle Connor,L,117,58,82,3,9,1235.62715,WPG,6,7.0,8.0,14.0,58.0,386.0,39.7,517.0,368.0,122.0,68.0,690.0,0.02564102564102564,0.05128205128205128,0.7008547008547008,0.05982905982905983,0.06837606837606838,0.11965811965811966,3.299145299145299,0.33931623931623933,4.418803418803419,3.1452991452991452,1.0427350427350428,5.897435897435898,0.5811965811965812,8.03,48.0,2.275606374590599,2.200552367428894,22.01,22.76,20.69,27.19,23.94,
53,8475786,Zach Hyman,L,92,37,26,1,8,1161.57675,EDM,7,3.0,6.0,10.0,37.0,262.0,49.36,384.0,358.0,243.0,69.0,468.0,0.010869565217391304,0.07608695652173914,0.2826086956521739,0.03260869565217391,0.06521739130434782,0.10869565217391304,2.847826086956522,0.5365217391304348,4.173913043478261,3.891304347826087,2.641304347826087,5.086956521739131,0.75,7.17,68.0,2.2699556396869505,2.1004689088719113,21.0,22.7,18.73,25.24,21.99,
30,8475172,Nazem Kadri,C,119,43,55,2,6,1171.9706,CGY,4,9.0,12.0,10.0,43.0,394.0,41.71,561.0,409.0,151.0,57.0,788.0,0.01680672268907563,0.03361344537815126,0.46218487394957986,0.07563025210084033,0.10084033613445378,0.08403361344537816,3.310924369747899,0.35050420168067226,4.714285714285714,3.436974789915966,1.26890756302521,6.621848739495798,0.4789915966386555,7.73,51.0,2.2677659021016687,2.166765369851511,21.67,22.68,17.65,24.15,20.9,
1,8471214,Alex Ovechkin,L,102,58,46,1,10,1066.6496499999998,WSH,9,13.0,7.0,13.0,58.0,333.0,42.16,522.0,312.0,115.0,55.0,752.0,0.00980392156862745,0.08823529411764706,0.45098039215686275,0.12745098039215685,0.06862745098039216,0.12745098039215685,3.264705882352941,0.4133333333333333,5.117647058823529,3.0588235294117645,1.1274509803921569,7.372549019607843,0.5392156862745098,8.04,47.0,2.267412424204351,2.201659174404085,22.02,22.67,21.03,27.54,24.29,
208,8478550,Artemi Panarin,L,118,51,76,0,5,1217.20425,NYR,5,10.0,12.0,14.0,51.0,354.0,38.34,581.0,376.0,75.0,57.0,850.0,0.0,0.0423728813559322,0.6440677966101694,0.0847457627118644,0.1016949152542373,0.11864406779661017,3.0,0.3249152542372882,4.923728813559322,3.1864406779661016,0.635593220338983,7.203389830508475,0.4830508474576271,8.81,31.0,2.2669397262790105,2.2834022735772717,22.83,22.67,19.07,25.58,22.33,
184,8478414,Timo Meier,R,112,37,39,0,6,1100.475,NJD,6,3.0,6.0,14.0,37.0,346.0,45.69,561.0,390.0,172.0,75.0,749.0,0.0,0.05357142857142857,0.3482142857142857,0.026785714285714284,0.05357142857142857,0.125,3.0892857142857144,0.40794642857142854,5.008928571428571,3.482142857142857,1.5357142857142858,6.6875,0.6696428571428571,7.14,71.0,2.2658635413296992,2.096790180014449,20.97,22.66,18.26,24.77,21.51,
185,8478420,Mikko Rantanen,R,119,46,93,0,7,1235.94855,DAL,7,15.0,4.0,9.0,46.0,300.0,48.12,469.0,386.0,160.0,58.0,619.0,0.0,0.058823529411764705,0.7815126050420168,0.12605042016806722,0.03361344537815126,0.07563025210084033,2.5210084033613445,0.40436974789915964,3.9411764705882355,3.2436974789915967,1.3445378151260505,5.201680672268908,0.48739495798319327,4.37,190.0,2.255060546175334,1.6808279085207734,16.81,22.55,21.7,28.2,24.95,
154,8477946,Dylan Larkin,C,120,50,56,2,8,1219.6351,DET,6,8.0,11.0,17.0,50.0,350.0,52.4,526.0,383.0,173.0,56.0,690.0,0.016666666666666666,0.05,0.4666666666666667,0.06666666666666667,0.09166666666666666,0.14166666666666666,2.9166666666666665,0.43666666666666665,4.383333333333334,3.191666666666667,1.4416666666666667,5.75,0.4666666666666667,9.67,23.0,2.248775536622199,2.367436065313662,23.67,22.49,19.24,25.74,22.49,
226,8479337,Alex DeBrincat,R,120,59,51,2,8,1078.5551500000001,DET,6,9.0,12.0,24.0,59.0,383.0,50.39,565.0,398.0,156.0,67.0,722.0,0.016666666666666666,0.05,0.425,0.075,0.1,0.2,3.191666666666667,0.41991666666666666,4.708333333333333,3.316666666666667,1.3,6.016666666666667,0.5583333333333333,12.33,3.0,2.24126759586313,2.5900171341906173,25.9,22.41,19.85,26.35,23.1,
359,8482093,Seth Jarvis,C,107,51,45,2,6,1152.8103999999998,CAR,4,9.0,8.0,18.0,51.0,314.0,48.46,464.0,366.0,179.0,44.0,563.0,0.018691588785046728,0.037383177570093455,0.4205607476635514,0.08411214953271028,0.07476635514018691,0.16822429906542055,2.9345794392523366,0.45289719626168223,4.336448598130841,3.4205607476635516,1.6728971962616823,5.261682242990654,0.411214953271028,10.09,20.0,2.232642149081099,2.4060438013622756,24.06,22.33,22.25,28.75,25.5,
182,8478403,Jack Eichel,C,108,40,95,1,6,1256.4258,VGK,5,6.0,3.0,17.0,40.0,350.0,33.94,458.0,279.0,108.0,50.0,593.0,0.009259259259259259,0.046296296296296294,0.8796296296296297,0.05555555555555555,0.027777777777777776,0.1574074074074074,3.240740740740741,0.31425925925925924,4.2407407407407405,2.5833333333333335,1.0,5.4907407407407405,0.46296296296296297,7.59,57.0,2.231630639858308,2.150598735996164,21.51,22.32,17.72,24.22,20.97,
136,8477500,Bo Horvat,C,113,47,41,3,10,1218.62555,NYI,7,8.0,12.0,18.0,47.0,354.0,44.07,514.0,385.0,134.0,66.0,642.0,0.02654867256637168,0.061946902654867256,0.36283185840707965,0.07079646017699115,0.10619469026548672,0.1592920353982301,3.1327433628318584,0.39,4.548672566371682,3.4070796460176993,1.1858407079646018,5.68141592920354,0.584070796460177,11.15,10.0,2.228309867748372,2.4973291697865574,24.97,22.28,20.67,27.18,23.92,
115,8477404,Jake Guentzel,C,116,58,60,1,8,1222.28125,TBL,7,12.0,8.0,17.0,58.0,315.0,52.9,439.0,375.0,235.0,74.0,526.0,0.008620689655172414,0.0603448275862069,0.5172413793103449,0.10344827586206896,0.06896551724137931,0.14655172413793102,2.7155172413793105,0.4560344827586207,3.7844827586206895,3.2327586206896552,2.0258620689655173,4.5344827586206895,0.6379310344827587,8.79,32.0,2.226022338854874,2.281361456542419,22.81,22.26,15.73,22.24,18.99,True
3,8471675,Sidney Crosby,C,116,53,76,4,12,1202.62635,PIT,8,14.0,11.0,18.0,53.0,313.0,47.75,463.0,337.0,171.0,59.0,575.0,0.034482758620689655,0.06896551724137931,0.6551724137931034,0.1206896551724138,0.09482758620689655,0.15517241379310345,2.6982758620689653,0.41163793103448276,3.9913793103448274,2.9051724137931036,1.4741379310344827,4.956896551724138,0.5086206896551724,10.69,13.0,2.2140847161425,2.458733775483977,24.59,22.14,17.72,24.22,20.97,True
27,8475166,John Tavares,C,111,52,54,2,9,1092.87775,TOR,7,8.0,12.0,18.0,52.0,298.0,48.62,429.0,396.0,218.0,53.0,535.0,0.018018018018018018,0.06306306306306306,0.4864864864864865,0.07207207207207207,0.10810810810810811,0.16216216216216217,2.684684684684685,0.438018018018018,3.864864864864865,3.5675675675675675,1.9639639639639639,4.81981981981982,0.4774774774774775,11.17,9.0,2.2085060201529436,2.498973906999436,24.99,22.09,14.08,20.58,17.33,True
58,8475810,Bryan Rust,R,105,44,51,2,8,1204.5652,PIT,6,8.0,7.0,15.0,44.0,278.0,41.5,428.0,338.0,184.0,66.0,505.0,0.01904761904761905,0.05714285714285714,0.4857142857142857,0.0761904761904762,0.06666666666666667,0.14285714285714285,2.6476190476190475,0.3952380952380952,4.076190476190476,3.219047619047619,1.7523809523809524,4.809523809523809,0.6285714285714286,8.76,34.0,2.202667927934977,2.278292400425001,22.78,22.03,19.42,25.92,22.67,
265,8480027,Jason Robertson,L,120,58,67,1,9,1125.0285,DAL,8,10.0,9.0,22.0,58.0,357.0,44.01,494.0,366.0,150.0,61.0,664.0,0.008333333333333333,0.06666666666666667,0.5583333333333333,0.08333333333333333,0.075,0.18333333333333332,2.975,0.36674999999999996,4.116666666666666,3.05,1.25,5.533333333333333,0.5083333333333333,10.5,17.0,2.1986195836606295,2.4423470353692043,24.42,21.99,19.01,25.51,22.26,
240,8479420,Tage Thompson,C,112,62,42,0,7,1126.9546,BUF,7,10.0,11.0,21.0,62.0,365.0,37.45,537.0,322.0,121.0,61.0,755.0,0.0,0.0625,0.375,0.08928571428571429,0.09821428571428571,0.1875,3.2589285714285716,0.33437500000000003,4.794642857142857,2.875,1.0803571428571428,6.741071428571429,0.5446428571428571,11.43,6.0,2.190822426831948,2.5201129055226197,25.2,21.91,19.54,26.05,22.79,
6,8473419,Brad Marchand,L,106,43,49,2,7,1106.79675,FLA,5,7.0,5.0,12.0,43.0,290.0,42.95,435.0,322.0,159.0,73.0,574.0,0.018867924528301886,0.04716981132075472,0.46226415094339623,0.0660377358490566,0.04716981132075472,0.11320754716981132,2.7358490566037736,0.40518867924528307,4.10377358490566,3.0377358490566038,1.5,5.415094339622642,0.6886792452830188,6.79,85.0,2.1871192940118225,2.052840859882657,20.53,21.87,18.78,25.28,22.03,
188,8478427,Sebastian Aho,C,115,42,64,6,11,1203.40905,CAR,5,13.0,4.0,12.0,42.0,291.0,38.6,487.0,373.0,127.0,49.0,635.0,0.05217391304347826,0.043478260869565216,0.5565217391304348,0.11304347826086956,0.034782608695652174,0.10434782608695652,2.5304347826086957,0.3356521739130435,4.234782608695652,3.243478260869565,1.1043478260869566,5.521739130434782,0.4260869565217391,6.61,91.0,2.1860180518400556,2.0294631718735947,20.29,21.86,18.48,24.98,21.73,
95,8476881,Tomas Hertl,C,108,47,42,0,5,1052.0857,VGK,5,9.0,8.0,14.0,47.0,277.0,50.03,416.0,381.0,239.0,66.0,516.0,0.0,0.046296296296296294,0.3888888888888889,0.08333333333333333,0.07407407407407407,0.12962962962962962,2.564814814814815,0.46324074074074073,3.8518518518518516,3.5277777777777777,2.212962962962963,4.777777777777778,0.6111111111111112,8.15,46.0,2.1842852079677675,2.21375387928743,22.14,21.84,17.77,24.27,21.02,
399,8482740,Wyatt Johnston,C,120,53,60,1,7,1170.4717,DAL,6,9.0,7.0,18.0,53.0,298.0,49.52,425.0,411.0,211.0,67.0,567.0,0.008333333333333333,0.05,0.5,0.075,0.058333333333333334,0.15,2.4833333333333334,0.4126666666666667,3.5416666666666665,3.425,1.7583333333333333,4.725,0.5583333333333333,8.5,37.0,2.1828109203460375,2.2512917986064953,22.51,21.83,18.58,25.08,21.83,
257,8480002,Nico Hischier,C,112,45,53,0,4,1235.5724,NJD,4,6.0,8.0,16.0,45.0,279.0,44.55,396.0,369.0,191.0,64.0,522.0,0.0,0.03571428571428571,0.4732142857142857,0.05357142857142857,0.07142857142857142,0.14285714285714285,2.4910714285714284,0.3977678571428571,3.5357142857142856,3.294642857142857,1.7053571428571428,4.660714285714286,0.5714285714285714,8.57,35.0,2.1728427412677576,2.258633205464863,22.59,21.73,16.26,22.76,19.51,
39,8475314,Anders Lee,L,119,38,40,0,5,982.2298499999999,NYI,5,7.0,12.0,9.0,38.0,326.0,56.49,483.0,408.0,272.0,87.0,558.0,0.0,0.04201680672268908,0.33613445378151263,0.058823529411764705,0.10084033613445378,0.07563025210084033,2.7394957983193278,0.4747058823529412,4.0588235294117645,3.4285714285714284,2.2857142857142856,4.689075630252101,0.7310924369747899,7.06,74.0,2.169864649934287,2.0869135565185366,20.87,21.7,18.36,24.86,21.61,
85,8476483,Rickard Rakell,R,97,39,43,1,1,1142.6759,PIT,0,10.0,10.0,10.0,39.0,245.0,37.83,383.0,303.0,166.0,51.0,486.0,0.010309278350515464,0.0,0.44329896907216493,0.10309278350515463,0.10309278350515463,0.10309278350515463,2.5257731958762886,0.38999999999999996,3.948453608247423,3.1237113402061856,1.711340206185567,5.010309278350515,0.5257731958762887,8.45,39.0,2.160714999438508,2.2460147415056513,22.46,21.61,18.07,24.57,21.32,
324,8481540,Cole Caufield,R,119,55,51,4,13,1093.0507,MTL,9,10.0,13.0,19.0,55.0,343.0,44.63,521.0,362.0,143.0,53.0,631.0,0.03361344537815126,0.07563025210084033,0.42857142857142855,0.08403361344537816,0.1092436974789916,0.15966386554621848,2.8823529411764706,0.3750420168067227,4.378151260504202,3.042016806722689,1.2016806722689075,5.302521008403361,0.44537815126050423,11.43,6.0,2.1563371231136483,2.5201129055226197,25.2,21.56,17.45,23.96,20.7,True
150,8477935,Sam Bennett,C,112,38,39,2,8,1058.5358,FLA,6,10.0,6.0,12.0,38.0,333.0,40.67,468.0,360.0,180.0,62.0,611.0,0.017857142857142856,0.05357142857142857,0.3482142857142857,0.08928571428571429,0.05357142857142857,0.10714285714285714,2.9732142857142856,0.36312500000000003,4.178571428571429,3.2142857142857144,1.6071428571428572,5.455357142857143,0.5535714285714286,6.79,86.0,2.1541894871583,2.052840859882657,20.53,21.54,17.16,23.67,20.42,
161,8477960,Adrian Kempe,R,117,48,55,4,10,1153.7854499999999,LAK,6,4.0,7.0,22.0,48.0,339.0,36.99,517.0,315.0,111.0,63.0,732.0,0.03418803418803419,0.05128205128205128,0.4700854700854701,0.03418803418803419,0.05982905982905983,0.18803418803418803,2.8974358974358974,0.3161538461538462,4.418803418803419,2.6923076923076925,0.9487179487179487,6.256410256410256,0.5384615384615384,10.6,14.0,2.1530777634565874,2.451005098112319,24.51,21.53,16.07,22.58,19.32,True
151,8477939,William Nylander,R,114,58,66,4,10,1170.47405,TOR,6,15.0,12.0,14.0,58.0,320.0,40.31,461.0,300.0,123.0,49.0,615.0,0.03508771929824561,0.05263157894736842,0.5789473684210527,0.13157894736842105,0.10526315789473684,0.12280701754385964,2.807017543859649,0.3535964912280702,4.043859649122807,2.6315789473684212,1.0789473684210527,5.394736842105263,0.4298245614035088,9.82,21.0,2.151403847262733,2.3813962734183356,23.81,21.51,16.8,23.31,20.05,True
118,8477409,Carter Verhaeghe,C,116,31,50,0,7,1068.6026000000002,FLA,7,11.0,2.0,10.0,31.0,328.0,38.01,468.0,371.0,149.0,70.0,652.0,0.0,0.0603448275862069,0.43103448275862066,0.09482758620689655,0.017241379310344827,0.08620689655172414,2.8275862068965516,0.3276724137931034,4.0344827586206895,3.1982758620689653,1.2844827586206897,5.620689655172414,0.603448275862069,4.14,206.0,2.147577302637209,1.6370530794670737,16.37,21.48,17.3,23.8,20.55,
203,8478493,Joel Eriksson Ek,C,84,23,33,0,3,1188.4101500000002,MIN,3,3.0,8.0,7.0,23.0,251.0,32.98,338.0,236.0,137.0,38.0,397.0,0.0,0.03571428571428571,0.39285714285714285,0.03571428571428571,0.09523809523809523,0.08333333333333333,2.988095238095238,0.3926190476190476,4.023809523809524,2.8095238095238093,1.630952380952381,4.726190476190476,0.4523809523809524,7.14,71.0,2.1464385007855458,2.096790180014449,20.97,21.46,18.59,25.09,21.84,
228,8479343,Clayton Keller,R,120,42,80,3,8,1147.64575,UTA,5,7.0,9.0,10.0,42.0,329.0,40.7,490.0,301.0,128.0,57.0,633.0,0.025,0.041666666666666664,0.6666666666666666,0.058333333333333334,0.075,0.08333333333333333,2.7416666666666667,0.33916666666666667,4.083333333333333,2.5083333333333333,1.0666666666666667,5.275,0.475,6.83,84.0,2.1458653726436854,2.057962510002712,20.58,21.46,19.42,25.93,22.67,
391,8482699,Dylan Guenther,R,109,43,47,6,14,1027.645,UTA,8,6.0,7.0,24.0,43.0,330.0,33.96,521.0,332.0,84.0,46.0,696.0,0.05504587155963303,0.07339449541284404,0.43119266055045874,0.05504587155963303,0.06422018348623854,0.22018348623853212,3.0275229357798166,0.31155963302752293,4.779816513761468,3.0458715596330275,0.7706422018348624,6.385321100917431,0.42201834862385323,12.48,2.0,2.1440088192906988,2.601207105484161,26.01,21.44,19.5,26.01,22.76,
153,8477942,Kevin Fiala,L,117,48,36,0,8,1125.83795,LAK,8,16.0,6.0,14.0,48.0,347.0,38.05,550.0,353.0,118.0,54.0,736.0,0.0,0.06837606837606838,0.3076923076923077,0.13675213675213677,0.05128205128205128,0.11965811965811966,2.965811965811966,0.32521367521367517,4.700854700854701,3.017094017094017,1.0085470085470085,6.2905982905982905,0.46153846153846156,6.84,83.0,2.1419840577011717,2.0592388343623163,20.59,21.42,21.1,27.6,24.35,
137,8477501,Valeri Nichushkin,R,71,29,26,0,1,1126.3940499999999,COL,1,5.0,8.0,7.0,29.0,187.0,28.24,269.0,231.0,102.0,36.0,343.0,0.0,0.014084507042253521,0.36619718309859156,0.07042253521126761,0.11267605633802817,0.09859154929577464,2.6338028169014085,0.39774647887323944,3.788732394366197,3.2535211267605635,1.4366197183098592,4.830985915492958,0.5070422535211268,8.45,40.0,2.132017913923547,2.2460147415056513,22.46,21.32,19.61,26.11,22.86,
302,8480893,Kirill Marchenko,R,111,42,59,1,4,1123.6499,CBJ,3,7.0,7.0,13.0,42.0,301.0,33.54,448.0,302.0,94.0,68.0,642.0,0.009009009009009009,0.02702702702702703,0.5315315315315315,0.06306306306306306,0.06306306306306306,0.11711711711711711,2.7117117117117115,0.30216216216216213,4.036036036036036,2.720720720720721,0.8468468468468469,5.783783783783784,0.6126126126126126,7.39,60.0,2.119887414120107,2.127040520479115,21.27,21.2,19.43,25.93,22.68,
166,8478010,Brayden Point,C,106,48,53,2,7,1149.0145,TBL,5,12.0,2.0,17.0,48.0,255.0,38.77,364.0,343.0,159.0,43.0,471.0,0.018867924528301886,0.04716981132075472,0.5,0.11320754716981132,0.018867924528301886,0.16037735849056603,2.4056603773584904,0.3657547169811321,3.4339622641509435,3.2358490566037736,1.5,4.443396226415095,0.4056603773584906,7.55,58.0,2.114749440849865,2.145931282948669,21.46,21.15,15.15,21.65,18.4,
294,8480830,Andrei Svechnikov,R,108,29,43,0,3,1015.5069000000001,CAR,3,7.0,6.0,11.0,29.0,279.0,38.77,432.0,323.0,132.0,60.0,595.0,0.0,0.027777777777777776,0.39814814814814814,0.06481481481481481,0.05555555555555555,0.10185185185185185,2.5833333333333335,0.3589814814814815,4.0,2.990740740740741,1.2222222222222223,5.5092592592592595,0.5555555555555556,6.3,105.0,2.103935579667257,1.9878743481543455,19.88,21.04,20.12,26.62,23.37,
155,8477949,Alex Tuch,R,117,47,50,2,5,1136.3851,BUF,3,9.0,9.0,15.0,47.0,287.0,41.83,466.0,327.0,169.0,56.0,570.0,0.017094017094017096,0.02564102564102564,0.42735042735042733,0.07692307692307693,0.07692307692307693,0.1282051282051282,2.452991452991453,0.3575213675213675,3.982905982905983,2.7948717948717947,1.4444444444444444,4.871794871794871,0.47863247863247865,8.55,36.0,2.1022381265760637,2.256541154492639,22.57,21.02,16.88,23.39,20.14,
65,8476389,Vincent Trocheck,C,107,34,45,1,8,1262.6495,NYR,7,9.0,4.0,9.0,34.0,244.0,38.16,397.0,316.0,157.0,47.0,480.0,0.009345794392523364,0.06542056074766354,0.4205607476635514,0.08411214953271028,0.037383177570093455,0.08411214953271028,2.2803738317757007,0.35663551401869154,3.710280373831776,2.953271028037383,1.4672897196261683,4.485981308411215,0.4392523364485981,5.05,157.0,2.1015945790651656,1.80005827204275,18.0,21.02,14.89,21.39,18.14,
425,8484144,Connor Bedard,C,113,42,69,1,8,1240.30895,CHI,7,10.0,5.0,16.0,42.0,298.0,31.83,443.0,300.0,76.0,39.0,594.0,0.008849557522123894,0.061946902654867256,0.6106194690265486,0.08849557522123894,0.04424778761061947,0.1415929203539823,2.6371681415929205,0.28168141592920354,3.920353982300885,2.6548672566371683,0.672566371681416,5.256637168141593,0.34513274336283184,7.61,55.0,2.0980237279531724,2.152924318439639,21.53,20.98,17.73,24.23,20.98,
213,8478873,Troy Terry,R,114,31,59,1,5,1134.3658500000001,ANA,4,1.0,10.0,16.0,31.0,281.0,36.75,426.0,323.0,140.0,56.0,559.0,0.008771929824561403,0.03508771929824561,0.5175438596491229,0.008771929824561403,0.08771929824561403,0.14035087719298245,2.4649122807017543,0.3223684210526316,3.736842105263158,2.8333333333333335,1.2280701754385965,4.9035087719298245,0.49122807017543857,9.3,26.0,2.0969481447887013,2.33214389523559,23.32,20.97,19.06,25.57,22.32,
128,8477476,Artturi Lehkonen,L,105,40,34,0,5,1198.89365,COL,5,3.0,5.0,19.0,40.0,239.0,42.27,367.0,349.0,199.0,39.0,452.0,0.0,0.047619047619047616,0.3238095238095238,0.02857142857142857,0.047619047619047616,0.18095238095238095,2.276190476190476,0.4025714285714286,3.4952380952380953,3.323809523809524,1.8952380952380952,4.304761904761905,0.37142857142857144,9.14,29.0,2.096907506548885,2.316487998163037,23.16,20.97,17.9,24.4,21.15,
238,8479407,Jesper Bratt,L,118,27,90,1,4,1136.62005,NJD,3,8.0,6.0,6.0,27.0,260.0,34.7,411.0,328.0,120.0,65.0,562.0,0.00847457627118644,0.025423728813559324,0.7627118644067796,0.06779661016949153,0.05084745762711865,0.05084745762711865,2.2033898305084745,0.2940677966101695,3.483050847457627,2.7796610169491527,1.0169491525423728,4.762711864406779,0.5508474576271186,4.24,201.0,2.0945038313609485,1.6563214983329508,16.56,20.95,16.57,23.07,19.82,
336,8481604,Pavel Dorofeyev,R,117,50,27,0,8,1023.8416,VGK,8,10.0,12.0,9.0,50.0,352.0,40.66,502.0,381.0,129.0,63.0,642.0,0.0,0.06837606837606838,0.23076923076923078,0.08547008547008547,0.10256410256410256,0.07692307692307693,3.0085470085470085,0.3475213675213675,4.2905982905982905,3.2564102564102564,1.1025641025641026,5.487179487179487,0.5384615384615384,7.18,67.0,2.0922862742535124,2.1016921506146558,21.02,20.92,17.95,24.45,21.2,
78,8476460,Mark Scheifele,C,117,56,74,3,13,1229.0808000000002,WPG,10,9.0,9.0,20.0,56.0,253.0,39.05,390.0,344.0,173.0,42.0,473.0,0.02564102564102564,0.08547008547008547,0.6324786324786325,0.07692307692307693,0.07692307692307693,0.17094017094017094,2.1623931623931623,0.33376068376068374,3.3333333333333335,2.9401709401709404,1.4786324786324787,4.042735042735043,0.358974358974359,10.43,18.0,2.090176932780569,2.4362414778067194,24.36,20.9,12.25,18.75,15.5,True
267,8480039,Martin Necas,C,115,43,87,0,8,1190.66395,COL,8,11.0,8.0,12.0,43.0,273.0,32.03,416.0,283.0,106.0,44.0,566.0,0.0,0.06956521739130435,0.7565217391304347,0.09565217391304348,0.06956521739130435,0.10434782608695652,2.373913043478261,0.2785217391304348,3.617391304347826,2.4608695652173913,0.9217391304347826,4.921739130434783,0.3826086956521739,6.96,77.0,2.0793205046184404,2.0744289998562917,20.74,20.79,13.63,20.14,16.89,True
132,8477493,Aleksander Barkov,C,67,20,51,2,4,1215.4776,FLA,2,5.0,2.0,6.0,20.0,149.0,19.44,235.0,166.0,77.0,29.0,302.0,0.029850746268656716,0.029850746268656716,0.7611940298507462,0.07462686567164178,0.029850746268656716,0.08955223880597014,2.2238805970149254,0.2901492537313433,3.5074626865671643,2.4776119402985075,1.1492537313432836,4.507462686567164,0.43283582089552236,5.37,143.0,2.078292689749869,1.851599469584072,18.52,20.78,16.32,22.83,19.57,
234,8479385,Jordan Kyrou,R,110,44,42,0,4,1010.672,STL,4,5.0,9.0,14.0,44.0,308.0,31.47,433.0,343.0,105.0,52.0,616.0,0.0,0.03636363636363636,0.38181818181818183,0.045454545454545456,0.08181818181818182,0.12727272727272726,2.8,0.28609090909090906,3.9363636363636365,3.118181818181818,0.9545454545454546,5.6,0.4727272727272727,8.36,41.0,2.0703601583280022,2.2364452904895007,22.36,20.7,15.58,22.09,18.83,True
77,8476459,Mika Zibanejad,C,120,32,59,0,2,1182.3456,NYR,2,3.0,9.0,10.0,32.0,290.0,38.81,474.0,294.0,136.0,53.0,582.0,0.0,0.016666666666666666,0.49166666666666664,0.025,0.075,0.08333333333333333,2.4166666666666665,0.3234166666666667,3.95,2.45,1.1333333333333333,4.85,0.44166666666666665,6.33,103.0,2.0694016048869157,1.9919755158985601,19.92,20.69,14.98,21.48,18.23,
263,8480018,Nick Suzuki,C,119,41,90,5,9,1224.6143,MTL,4,4.0,9.0,13.0,41.0,248.0,35.15,398.0,302.0,112.0,49.0,517.0,0.04201680672268908,0.03361344537815126,0.7563025210084033,0.03361344537815126,0.07563025210084033,0.1092436974789916,2.0840336134453783,0.2953781512605042,3.3445378151260505,2.53781512605042,0.9411764705882353,4.34453781512605,0.4117647058823529,8.24,44.0,2.0547412087790238,2.2235418856535927,22.24,20.55,17.67,24.17,20.92,
202,8478483,Mitch Marner,R,116,36,104,3,7,1242.2914999999998,VGK,4,10.0,5.0,10.0,36.0,240.0,28.02,370.0,288.0,93.0,50.0,556.0,0.02586206896551724,0.034482758620689655,0.896551724137931,0.08620689655172414,0.04310344827586207,0.08620689655172414,2.0689655172413794,0.24155172413793102,3.189655172413793,2.4827586206896552,0.8017241379310345,4.793103448275862,0.43103448275862066,5.69,127.0,2.0509792823951196,1.900613874140137,19.01,20.51,19.45,25.95,22.7,
355,8482078,Lucas Raymond,L,118,38,83,1,8,1130.5416500000001,DET,7,9.0,9.0,11.0,38.0,272.0,31.73,399.0,313.0,105.0,61.0,541.0,0.00847457627118644,0.059322033898305086,0.7033898305084746,0.07627118644067797,0.07627118644067797,0.09322033898305085,2.305084745762712,0.26889830508474577,3.3813559322033897,2.652542372881356,0.8898305084745762,4.584745762711864,0.5169491525423728,6.95,79.0,2.0484510025073863,2.0731719286662407,20.73,20.48,13.63,20.13,16.88,True
45,8475726,Tyler Toffoli,C,115,40,39,0,1,983.93865,SJS,1,5.0,11.0,13.0,40.0,316.0,38.19,437.0,328.0,138.0,55.0,585.0,0.0,0.008695652173913044,0.3391304347826087,0.043478260869565216,0.09565217391304348,0.11304347826086956,2.747826086956522,0.3320869565217391,3.8,2.8521739130434782,1.2,5.086956521739131,0.4782608695652174,8.35,42.0,2.041629448120603,2.2353763433005955,22.35,20.42,16.58,23.08,19.83,
156,8477951,Nick Schmaltz,C,121,32,63,0,6,1144.5437,UTA,6,8.0,8.0,6.0,32.0,276.0,34.81,395.0,349.0,146.0,51.0,552.0,0.0,0.049586776859504134,0.5206611570247934,0.06611570247933884,0.06611570247933884,0.049586776859504134,2.28099173553719,0.28768595041322315,3.2644628099173554,2.884297520661157,1.2066115702479339,4.56198347107438,0.4214876033057851,4.63,180.0,2.0410227993446,1.728109442151599,17.28,20.41,18.21,24.72,21.46,
61,8475913,Mark Stone,R,85,27,69,1,5,1151.2076499999998,VGK,4,8.0,3.0,8.0,27.0,180.0,26.81,260.0,216.0,122.0,33.0,308.0,0.011764705882352941,0.047058823529411764,0.8117647058823529,0.09411764705882353,0.03529411764705882,0.09411764705882353,2.1176470588235294,0.31541176470588234,3.0588235294117645,2.541176470588235,1.4352941176470588,3.623529411764706,0.38823529411764707,5.41,140.0,2.038962100245029,1.8578592709325787,18.58,20.39,15.64,22.14,18.89,
388,8482667,William Eklund,L,110,25,55,1,2,1177.94585,SJS,1,4.0,4.0,11.0,25.0,238.0,34.84,373.0,288.0,140.0,48.0,489.0,0.00909090909090909,0.00909090909090909,0.5,0.03636363636363636,0.03636363636363636,0.1,2.1636363636363636,0.31672727272727275,3.390909090909091,2.618181818181818,1.2727272727272727,4.445454545454545,0.43636363636363634,5.64,131.0,2.0348944211237265,1.8931119634883424,18.93,20.35,18.45,24.95,21.7,
94,8476880,Tom Wilson,R,117,50,49,2,8,1151.64965,WSH,6,8.0,13.0,17.0,50.0,253.0,44.8,391.0,308.0,177.0,50.0,492.0,0.017094017094017096,0.05128205128205128,0.4188034188034188,0.06837606837606838,0.1111111111111111,0.1452991452991453,2.1623931623931623,0.3829059829059829,3.341880341880342,2.6324786324786325,1.5128205128205128,4.205128205128205,0.42735042735042733,10.6,14.0,2.034398628851014,2.451005098112319,24.51,20.34,15.97,22.48,19.22,True
364,8482116,Tim St√ºtzle,C,118,42,76,3,5,1209.6124,OTT,2,8.0,7.0,14.0,42.0,255.0,32.37,359.0,305.0,117.0,51.0,497.0,0.025423728813559324,0.01694915254237288,0.6440677966101694,0.06779661016949153,0.059322033898305086,0.11864406779661017,2.1610169491525424,0.27432203389830506,3.042372881355932,2.5847457627118646,0.9915254237288136,4.211864406779661,0.4322033898305085,7.63,54.0,2.013617504607427,2.1552445050953364,21.55,20.14,15.83,22.33,19.08,
152,8477940,Nikolaj Ehlers,L,105,32,55,3,8,969.8478,CAR,5,9.0,4.0,11.0,32.0,264.0,27.92,420.0,255.0,91.0,50.0,563.0,0.02857142857142857,0.047619047619047616,0.5238095238095238,0.08571428571428572,0.0380952380952381,0.10476190476190476,2.5142857142857142,0.2659047619047619,4.0,2.4285714285714284,0.8666666666666667,5.3619047619047615,0.47619047619047616,6.29,106.0,2.0115648729018507,1.986503546020567,19.87,20.12,17.54,24.04,20.79,
276,8480208,Drake Batherson,R,115,40,64,0,5,1092.0319,OTT,5,7.0,5.0,13.0,40.0,264.0,34.2,402.0,288.0,136.0,34.0,497.0,0.0,0.043478260869565216,0.5565217391304348,0.06086956521739131,0.043478260869565216,0.11304347826086956,2.2956521739130435,0.2973913043478261,3.4956521739130433,2.5043478260869567,1.182608695652174,4.321739130434783,0.2956521739130435,6.26,107.0,2.0068321872960038,1.9823798288367047,19.82,20.07,15.94,22.44,19.19,
409,8483445,Cutter Gauthier,L,119,38,42,3,6,960.9754,ANA,3,4.0,12.0,11.0,38.0,331.0,31.95,511.0,298.0,95.0,64.0,674.0,0.025210084033613446,0.025210084033613446,0.35294117647058826,0.03361344537815126,0.10084033613445378,0.09243697478991597,2.7815126050420167,0.2684873949579832,4.294117647058823,2.504201680672269,0.7983193277310925,5.663865546218488,0.5378151260504201,8.24,44.0,2.0053531481878313,2.2235418856535927,22.24,20.05,17.23,23.74,20.48,
192,8478439,Travis Konecny,R,118,35,74,0,4,1189.02975,PHI,4,7.0,4.0,6.0,35.0,268.0,31.89,413.0,275.0,88.0,37.0,546.0,0.0,0.03389830508474576,0.6271186440677966,0.059322033898305086,0.03389830508474576,0.05084745762711865,2.2711864406779663,0.2702542372881356,3.5,2.330508474576271,0.7457627118644068,4.627118644067797,0.3135593220338983,3.39,245.0,2.0046730457016184,1.4793292270870801,14.79,20.05,14.47,20.97,17.72,
373,8482155,Alex Laferriere,R,113,26,31,0,5,995.9267,LAK,5,6.0,5.0,13.0,26.0,276.0,33.18,425.0,336.0,156.0,59.0,557.0,0.0,0.04424778761061947,0.2743362831858407,0.05309734513274336,0.04424778761061947,0.11504424778761062,2.4424778761061945,0.2936283185840708,3.7610619469026547,2.9734513274336285,1.3805309734513274,4.929203539823009,0.5221238938053098,6.37,102.0,2.0022630886572856,1.9974177062012453,19.97,20.02,14.83,21.34,18.09,
25,8475151,Kyle Palmieri,C,107,30,36,0,3,1121.7878,NYI,3,9.0,6.0,10.0,30.0,240.0,34.21,378.0,291.0,125.0,48.0,489.0,0.0,0.028037383177570093,0.3364485981308411,0.08411214953271028,0.056074766355140186,0.09345794392523364,2.2429906542056073,0.3197196261682243,3.532710280373832,2.7196261682242993,1.1682242990654206,4.570093457943925,0.4485981308411215,5.98,117.0,2.00067281942295,1.9430489167742813,19.43,20.01,15.12,21.62,18.37,
401,8482745,Mason McTavish,C,113,30,44,1,4,995.3642500000001,ANA,3,6.0,6.0,10.0,30.0,252.0,37.58,412.0,304.0,142.0,47.0,517.0,0.008849557522123894,0.02654867256637168,0.3893805309734513,0.05309734513274336,0.05309734513274336,0.08849557522123894,2.230088495575221,0.3325663716814159,3.646017699115044,2.690265486725664,1.2566371681415929,4.575221238938053,0.415929203539823,5.84,122.0,1.9950808824389226,1.922787731634459,19.23,19.95,18.17,24.67,21.42,
16,8474141,Patrick Kane,R,96,27,55,2,8,1056.1943999999999,DET,6,7.0,4.0,10.0,27.0,245.0,25.16,358.0,226.0,69.0,37.0,453.0,0.020833333333333332,0.0625,0.5729166666666666,0.07291666666666667,0.041666666666666664,0.10416666666666667,2.5520833333333335,0.26208333333333333,3.7291666666666665,2.3541666666666665,0.71875,4.71875,0.3854166666666667,6.25,108.0,1.9939624167889143,1.9810014688665833,19.81,19.94,18.21,24.71,21.46,
196,8478449,Roope Hintz,C,109,40,58,1,8,1029.02465,DAL,7,11.0,5.0,14.0,40.0,235.0,35.55,331.0,296.0,156.0,45.0,410.0,0.009174311926605505,0.06422018348623854,0.5321100917431193,0.10091743119266056,0.045871559633027525,0.12844036697247707,2.1559633027522938,0.32614678899082566,3.036697247706422,2.7155963302752295,1.4311926605504588,3.761467889908257,0.41284403669724773,7.16,70.0,1.9828958044362426,2.0992441689760155,20.99,19.83,18.62,25.12,21.87,
80,8476468,J.T. Miller,C,107,32,60,4,5,1168.964,NYR,1,7.0,7.0,11.0,32.0,214.0,32.55,341.0,258.0,133.0,38.0,425.0,0.037383177570093455,0.009345794392523364,0.5607476635514018,0.06542056074766354,0.06542056074766354,0.102803738317757,2.0,0.3042056074766355,3.1869158878504673,2.411214953271028,1.2429906542056075,3.97196261682243,0.35514018691588783,7.48,59.0,1.9818064663062636,2.1377104498038118,21.38,19.82,18.29,24.79,21.54,
86,8476539,Jonathan Marchessault,R,106,28,38,1,5,1042.5219,NSH,4,6.0,3.0,11.0,28.0,266.0,31.22,366.0,268.0,121.0,48.0,507.0,0.009433962264150943,0.03773584905660377,0.3584905660377358,0.05660377358490566,0.02830188679245283,0.10377358490566038,2.509433962264151,0.29452830188679247,3.452830188679245,2.5283018867924527,1.1415094339622642,4.783018867924528,0.4528301886792453,5.47,139.0,1.9806221956049486,1.8671761085128091,18.67,19.81,12.92,19.42,16.17,
159,8477955,Jared McCann,L,93,27,42,2,4,1032.3686,SEA,2,2.0,6.0,7.0,27.0,229.0,25.59,356.0,209.0,74.0,33.0,475.0,0.021505376344086023,0.021505376344086023,0.45161290322580644,0.021505376344086023,0.06451612903225806,0.07526881720430108,2.4623655913978495,0.27516129032258063,3.827956989247312,2.247311827956989,0.7956989247311828,5.10752688172043,0.3548387096774194,6.02,115.0,1.9711709076812478,1.9487632180377197,19.49,19.71,14.85,21.35,18.1,
47,8475754,Brock Nelson,C,116,40,41,1,10,1123.6943999999999,COL,9,9.0,4.0,15.0,40.0,264.0,33.29,378.0,319.0,134.0,46.0,483.0,0.008620689655172414,0.07758620689655173,0.35344827586206895,0.07758620689655173,0.034482758620689655,0.12931034482758622,2.2758620689655173,0.28698275862068967,3.2586206896551726,2.75,1.1551724137931034,4.163793103448276,0.39655172413793105,6.72,88.0,1.9652257867273581,2.0438143640366846,20.44,19.65,16.4,22.9,19.65,
211,8478856,Conor Garland,R,111,26,44,2,5,1169.1358,VAN,3,6.0,5.0,9.0,26.0,245.0,29.88,384.0,262.0,113.0,52.0,494.0,0.018018018018018018,0.02702702702702703,0.3963963963963964,0.05405405405405406,0.04504504504504504,0.08108108108108109,2.2072072072072073,0.26918918918918916,3.4594594594594597,2.3603603603603602,1.018018018018018,4.45045045045045,0.46846846846846846,5.41,141.0,1.960647650217187,1.8578592709325787,18.58,19.61,12.42,18.93,15.68,
68,8476399,Blake Coleman,L,119,25,31,0,6,1039.3399,CGY,6,5.0,4.0,6.0,25.0,278.0,37.54,407.0,322.0,163.0,51.0,533.0,0.0,0.05042016806722689,0.2605042016806723,0.04201680672268908,0.03361344537815126,0.05042016806722689,2.3361344537815127,0.31546218487394956,3.4201680672268906,2.7058823529411766,1.3697478991596639,4.4789915966386555,0.42857142857142855,3.36,247.0,1.9587213964302133,1.4724720573609429,14.72,19.59,18.61,25.11,21.86,
389,8482679,Matt Coronato,R,113,35,32,1,6,1027.1118,CGY,5,6.0,7.0,13.0,35.0,278.0,32.36,400.0,292.0,109.0,59.0,562.0,0.008849557522123894,0.04424778761061947,0.2831858407079646,0.05309734513274336,0.061946902654867256,0.11504424778761062,2.4601769911504423,0.2863716814159292,3.5398230088495577,2.584070796460177,0.9646017699115044,4.9734513274336285,0.5221238938053098,7.26,64.0,1.9574339253441773,2.1114245875328868,21.11,19.57,15.87,22.37,19.12,
51,8475768,Jaden Schwartz,L,104,34,30,0,8,1052.8075,SEA,8,5.0,4.0,12.0,34.0,242.0,34.52,359.0,253.0,155.0,49.0,445.0,0.0,0.07692307692307693,0.28846153846153844,0.04807692307692308,0.038461538461538464,0.11538461538461539,2.326923076923077,0.33192307692307693,3.451923076923077,2.4326923076923075,1.4903846153846154,4.278846153846154,0.47115384615384615,6.15,111.0,1.957226263390908,1.9671123567059163,19.67,19.57,15.04,21.54,18.29,
204,8478498,Jake DeBrusk,L,118,37,28,2,4,1029.00335,VAN,2,5.0,7.0,17.0,37.0,270.0,41.91,383.0,318.0,204.0,57.0,472.0,0.01694915254237288,0.01694915254237288,0.23728813559322035,0.0423728813559322,0.059322033898305086,0.1440677966101695,2.288135593220339,0.3551694915254237,3.2457627118644066,2.694915254237288,1.728813559322034,4.0,0.4830508474576271,8.47,38.0,1.9507712653897578,2.248128907197987,22.48,19.51,10.75,17.26,14.0,True
366,8482124,Quinton Byfield,R,116,27,46,4,6,1159.2037,LAK,2,6.0,3.0,9.0,27.0,236.0,32.9,380.0,276.0,136.0,55.0,500.0,0.034482758620689655,0.017241379310344827,0.39655172413793105,0.05172413793103448,0.02586206896551724,0.07758620689655173,2.0344827586206895,0.2836206896551724,3.2758620689655173,2.3793103448275863,1.1724137931034482,4.310344827586207,0.47413793103448276,4.83,169.0,1.950536303559665,1.763017000362401,17.63,19.51,14.66,21.17,17.91,
428,8484166,Adam Fantilli,C,118,43,34,2,5,1080.69645,CBJ,3,12.0,4.0,13.0,43.0,286.0,31.34,428.0,284.0,108.0,52.0,607.0,0.01694915254237288,0.025423728813559324,0.288135593220339,0.1016949152542373,0.03389830508474576,0.11016949152542373,2.4237288135593222,0.265593220338983,3.6271186440677967,2.406779661016949,0.9152542372881356,5.1440677966101696,0.4406779661016949,6.1,113.0,1.947288463632511,1.9600947840472698,19.6,19.47,15.77,22.28,19.02,
396,8482720,Matthew Knies,L,111,36,52,1,6,1148.61535,TOR,5,10.0,4.0,13.0,36.0,219.0,35.91,306.0,283.0,193.0,31.0,365.0,0.009009009009009009,0.04504504504504504,0.46846846846846846,0.09009009009009009,0.036036036036036036,0.11711711711711711,1.972972972972973,0.3235135135135135,2.7567567567567566,2.5495495495495497,1.7387387387387387,3.2882882882882885,0.27927927927927926,6.31,104.0,1.9353709616023194,1.9892432737616872,19.89,19.35,15.33,21.83,18.58,
135,8477497,Sean Monahan,C,90,24,50,0,4,1117.62495,CBJ,4,5.0,4.0,5.0,24.0,191.0,27.99,260.0,197.0,107.0,38.0,320.0,0.0,0.044444444444444446,0.5555555555555556,0.05555555555555555,0.044444444444444446,0.05555555555555555,2.1222222222222222,0.311,2.888888888888889,2.188888888888889,1.1888888888888889,3.5555555555555554,0.4222222222222222,4.0,213.0,1.9327347951584462,1.6094379124341003,16.09,19.33,14.72,21.22,17.97,
261,8480014,Gabriel Vilardi,C,106,43,49,0,8,1102.9559,WPG,8,5.0,8.0,14.0,43.0,204.0,33.69,299.0,272.0,170.0,36.0,370.0,0.0,0.07547169811320754,0.46226415094339623,0.04716981132075472,0.07547169811320754,0.1320754716981132,1.9245283018867925,0.3178301886792453,2.8207547169811322,2.5660377358490565,1.6037735849056605,3.490566037735849,0.33962264150943394,8.3,43.0,1.9323724892836829,2.2300144001592104,22.3,19.32,9.26,15.77,12.52,True
2,8471215,Evgeni Malkin,C,94,24,55,1,4,1058.75845,PIT,3,4.0,2.0,10.0,24.0,192.0,27.46,263.0,216.0,101.0,47.0,365.0,0.010638297872340425,0.031914893617021274,0.5851063829787234,0.0425531914893617,0.02127659574468085,0.10638297872340426,2.0425531914893615,0.29212765957446807,2.797872340425532,2.297872340425532,1.074468085106383,3.882978723404255,0.5,5.32,145.0,1.9298200423735299,1.843719208158766,18.44,19.3,11.44,17.94,14.69,True
206,8478519,Anthony Cirelli,C,112,37,42,1,4,1107.2905999999998,TBL,3,9.0,5.0,11.0,37.0,220.0,38.34,328.0,286.0,155.0,40.0,405.0,0.008928571428571428,0.026785714285714284,0.375,0.08035714285714286,0.044642857142857144,0.09821428571428571,1.9642857142857142,0.3423214285714286,2.9285714285714284,2.5535714285714284,1.3839285714285714,3.6160714285714284,0.35714285714285715,5.89,121.0,1.927244883061304,1.9300710850255671,19.3,19.27,15.8,22.31,19.05,
260,8480012,Elias Pettersson,C,92,23,44,0,1,1178.5089,VAN,1,3.0,5.0,6.0,23.0,163.0,25.17,282.0,233.0,90.0,28.0,373.0,0.0,0.010869565217391304,0.4782608695652174,0.03260869565217391,0.05434782608695652,0.06521739130434782,1.7717391304347827,0.27358695652173914,3.0652173913043477,2.532608695652174,0.9782608695652174,4.054347826086956,0.30434782608695654,4.78,172.0,1.92670513911535,1.7544036826842861,17.54,19.27,16.77,23.27,20.02,
262,8480015,Owen Tippett,R,113,31,34,1,2,973.7254,PHI,1,3.0,8.0,9.0,31.0,273.0,26.38,426.0,287.0,102.0,51.0,591.0,0.008849557522123894,0.008849557522123894,0.3008849557522124,0.02654867256637168,0.07079646017699115,0.07964601769911504,2.415929203539823,0.23345132743362831,3.769911504424779,2.5398230088495577,0.9026548672566371,5.230088495575221,0.45132743362831856,6.19,110.0,1.9263710511868668,1.9726911717329554,19.73,19.26,17.44,23.95,20.69,
392,8482702,Logan Stankoven,C,114,20,34,0,6,922.4177,CAR,6,6.0,4.0,3.0,20.0,274.0,34.91,386.0,303.0,145.0,54.0,486.0,0.0,0.05263157894736842,0.2982456140350877,0.05263157894736842,0.03508771929824561,0.02631578947368421,2.4035087719298245,0.30622807017543857,3.3859649122807016,2.6578947368421053,1.2719298245614035,4.2631578947368425,0.47368421052631576,2.46,304.0,1.9262077315255821,1.2412685890696329,12.41,19.26,16.1,22.61,19.35,
320,8481528,Dylan Cozens,C,118,27,48,0,2,1040.19815,OTT,2,6.0,4.0,6.0,27.0,271.0,31.23,367.0,305.0,123.0,47.0,482.0,0.0,0.01694915254237288,0.4067796610169492,0.05084745762711865,0.03389830508474576,0.05084745762711865,2.2966101694915255,0.26466101694915256,3.110169491525424,2.5847457627118646,1.0423728813559323,4.084745762711864,0.3983050847457627,3.39,245.0,1.9241182858945374,1.4793292270870801,14.79,19.24,17.79,24.29,21.04,
21,8474586,Jordan Eberle,R,77,22,27,1,4,1067.94995,SEA,3,6.0,5.0,8.0,22.0,153.0,25.2,237.0,192.0,113.0,31.0,293.0,0.012987012987012988,0.03896103896103896,0.35064935064935066,0.07792207792207792,0.06493506493506493,0.1038961038961039,1.9870129870129871,0.32727272727272727,3.0779220779220777,2.4935064935064934,1.4675324675324675,3.8051948051948052,0.4025974025974026,7.01,75.0,1.9224403688469431,2.080690761080268,20.81,19.22,16.86,23.37,20.12,
331,8481580,Connor McMichael,C,119,31,45,0,6,1002.5668499999999,WSH,6,5.0,4.0,11.0,31.0,251.0,37.13,361.0,301.0,167.0,63.0,449.0,0.0,0.05042016806722689,0.37815126050420167,0.04201680672268908,0.03361344537815126,0.09243697478991597,2.1092436974789917,0.3120168067226891,3.033613445378151,2.5294117647058822,1.403361344537815,3.773109243697479,0.5294117647058824,5.04,158.0,1.9197947665153259,1.7984040119467235,17.98,19.2,16.82,23.32,20.07,
26,8475158,Ryan O'Reilly,C,115,32,53,0,8,1160.24905,NSH,8,6.0,7.0,13.0,32.0,212.0,36.67,319.0,289.0,171.0,37.0,378.0,0.0,0.06956521739130435,0.4608695652173913,0.05217391304347826,0.06086956521739131,0.11304347826086956,1.8434782608695652,0.3188695652173913,2.773913043478261,2.5130434782608697,1.4869565217391305,3.2869565217391306,0.3217391304347826,6.96,77.0,1.91871898581612,2.0744289998562917,20.74,19.19,16.69,23.19,19.94,
264,8480023,Robert Thomas,C,104,30,78,1,5,1168.8604500000001,STL,4,6.0,6.0,9.0,30.0,198.0,23.43,294.0,232.0,79.0,36.0,410.0,0.009615384615384616,0.038461538461538464,0.75,0.057692307692307696,0.057692307692307696,0.08653846153846154,1.9038461538461537,0.22528846153846155,2.826923076923077,2.230769230769231,0.7596153846153846,3.9423076923076925,0.34615384615384615,5.96,118.0,1.9150235487094993,1.9401794743463283,19.4,19.15,15.69,22.19,18.94,
334,8481596,Shane Pinto,C,97,33,22,0,6,1095.5219,OTT,6,7.0,5.0,11.0,33.0,192.0,33.28,306.0,249.0,116.0,47.0,401.0,0.0,0.061855670103092786,0.2268041237113402,0.07216494845360824,0.05154639175257732,0.1134020618556701,1.9793814432989691,0.34309278350515465,3.154639175257732,2.5670103092783507,1.1958762886597938,4.134020618556701,0.4845360824742268,6.6,92.0,1.9118335050555877,2.028148247292285,20.28,19.12,16.01,22.52,19.26,
345,8481716,Dmitri Voronkov,L,109,36,35,0,1,982.6512,CBJ,1,3.0,6.0,13.0,36.0,224.0,40.13,342.0,262.0,184.0,50.0,385.0,0.0,0.009174311926605505,0.3211009174311927,0.027522935779816515,0.05504587155963303,0.11926605504587157,2.055045871559633,0.36816513761467895,3.1376146788990824,2.403669724770642,1.688073394495413,3.532110091743119,0.45871559633027525,6.97,76.0,1.908320680467662,2.075684492802124,20.76,19.08,16.32,22.82,19.57,
194,8478444,Brock Boeser,R,109,34,33,1,5,1118.78115,VAN,4,8.0,8.0,9.0,34.0,222.0,29.03,343.0,280.0,103.0,48.0,475.0,0.009174311926605505,0.03669724770642202,0.30275229357798167,0.07339449541284404,0.07339449541284404,0.08256880733944955,2.036697247706422,0.2663302752293578,3.146788990825688,2.5688073394495414,0.944954128440367,4.3577981651376145,0.44036697247706424,6.42,101.0,1.9053492292366272,2.004179057179289,20.04,19.05,11.75,18.25,15.0,True
74,8476454,Ryan Nugent-Hopkins,C,107,31,49,1,6,1139.1686,EDM,5,3.0,4.0,13.0,31.0,214.0,28.25,303.0,262.0,128.0,36.0,392.0,0.009345794392523364,0.04672897196261682,0.45794392523364486,0.028037383177570093,0.037383177570093455,0.12149532710280374,2.0,0.26401869158878505,2.8317757009345796,2.4485981308411215,1.1962616822429906,3.663551401869159,0.3364485981308411,6.54,95.0,1.9024213050681134,2.020222182019865,20.2,19.02,16.22,22.72,19.47,
114,8477402,Pavel Buchnevich,L,114,25,51,0,3,1119.41445,STL,3,3.0,5.0,8.0,25.0,209.0,32.18,324.0,277.0,130.0,48.0,429.0,0.0,0.02631578947368421,0.4473684210526316,0.02631578947368421,0.043859649122807015,0.07017543859649122,1.8333333333333333,0.28228070175438597,2.8421052631578947,2.4298245614035086,1.1403508771929824,3.763157894736842,0.42105263157894735,4.56,184.0,1.8997723932262445,1.715598108262491,17.16,19.0,14.98,21.48,18.23,
20,8474564,Steven Stamkos,C,118,42,33,4,12,1060.7161,NSH,8,8.0,7.0,18.0,42.0,261.0,34.42,384.0,281.0,112.0,48.0,522.0,0.03389830508474576,0.06779661016949153,0.2796610169491525,0.06779661016949153,0.059322033898305086,0.15254237288135594,2.211864406779661,0.2916949152542373,3.2542372881355934,2.3813559322033897,0.9491525423728814,4.423728813559322,0.4067796610169492,9.15,28.0,1.898543486138466,2.3174737054877963,23.17,18.99,16.46,22.96,19.71,True
31,8475184,Chris Kreider,L,101,35,17,0,7,1026.2916500000001,ANA,7,6.0,5.0,10.0,35.0,221.0,36.34,324.0,267.0,167.0,30.0,399.0,0.0,0.06930693069306931,0.16831683168316833,0.0594059405940594,0.04950495049504951,0.09900990099009901,2.1881188118811883,0.35980198019801984,3.207920792079208,2.6435643564356437,1.6534653465346534,3.9504950495049505,0.297029702970297,5.94,119.0,1.8982767832445324,1.937301774518713,19.37,18.98,15.63,22.13,18.88,
377,8482175,JJ Peterka,R,116,41,54,0,5,1051.5579,UTA,5,8.0,10.0,8.0,41.0,256.0,27.44,387.0,249.0,84.0,36.0,544.0,0.0,0.04310344827586207,0.46551724137931033,0.06896551724137931,0.08620689655172414,0.06896551724137931,2.206896551724138,0.23655172413793105,3.336206896551724,2.146551724137931,0.7241379310344828,4.689655172413793,0.3103448275862069,6.21,109.0,1.8938561767363828,1.9754689512968577,19.75,18.94,16.76,23.26,20.01,
430,8484387,Matvei Michkov,R,116,35,48,3,3,938.0729,PHI,0,5.0,5.0,14.0,35.0,269.0,33.15,382.0,249.0,111.0,53.0,494.0,0.02586206896551724,0.0,0.41379310344827586,0.04310344827586207,0.04310344827586207,0.1206896551724138,2.3189655172413794,0.2857758620689655,3.293103448275862,2.146551724137931,0.9568965517241379,4.258620689655173,0.45689655172413796,7.07,73.0,1.8887031043964928,2.0881534822818573,20.88,18.89,15.9,22.4,19.15,
354,8482077,Dylan Holloway,L,110,34,46,1,9,1040.8398,STL,8,5.0,4.0,12.0,34.0,254.0,25.45,341.0,250.0,102.0,42.0,483.0,0.00909090909090909,0.07272727272727272,0.41818181818181815,0.045454545454545456,0.03636363636363636,0.10909090909090909,2.309090909090909,0.23136363636363635,3.1,2.272727272727273,0.9272727272727272,4.390909090909091,0.38181818181818183,6.0,116.0,1.8883349477961593,1.9459101490553132,19.46,18.88,15.73,22.23,18.98,
178,8478366,Frank Vatrano,R,118,24,27,0,2,898.1687999999999,ANA,2,5.0,4.0,7.0,24.0,301.0,34.24,431.0,284.0,125.0,51.0,532.0,0.0,0.01694915254237288,0.2288135593220339,0.0423728813559322,0.03389830508474576,0.059322033898305086,2.5508474576271185,0.29016949152542376,3.652542372881356,2.406779661016949,1.0593220338983051,4.508474576271187,0.4322033898305085,3.73,224.0,1.8852879387214125,1.5539252025038417,15.54,18.85,14.25,20.75,17.5,
253,8479987,Morgan Geekie,C,115,58,38,1,8,1034.32085,BOS,7,9.0,14.0,19.0,58.0,245.0,32.82,364.0,271.0,122.0,38.0,477.0,0.008695652173913044,0.06086956521739131,0.33043478260869563,0.0782608695652174,0.12173913043478261,0.16521739130434782,2.130434782608696,0.2853913043478261,3.1652173913043478,2.356521739130435,1.0608695652173914,4.147826086956521,0.33043478260869563,11.65,5.0,1.884097664720552,2.5376572151735295,25.38,18.84,16.02,22.52,19.27,True
44,8475722,Jason Zucker,L,94,30,41,0,5,948.0292999999999,BUF,5,4.0,8.0,9.0,30.0,192.0,28.42,299.0,208.0,128.0,33.0,361.0,0.0,0.05319148936170213,0.43617021276595747,0.0425531914893617,0.0851063829787234,0.09574468085106383,2.0425531914893615,0.3023404255319149,3.1808510638297873,2.2127659574468086,1.3617021276595744,3.8404255319148937,0.35106382978723405,7.23,65.0,1.8834506518748988,2.1077860146889784,21.08,18.83,16.7,23.2,19.95,
42,8475692,Mats Zuccarello,R,87,21,47,1,6,1128.2995,MIN,5,4.0,1.0,9.0,21.0,182.0,18.01,269.0,186.0,61.0,38.0,359.0,0.011494252873563218,0.05747126436781609,0.5402298850574713,0.04597701149425287,0.011494252873563218,0.10344827586206896,2.0919540229885056,0.20701149425287357,3.0919540229885056,2.1379310344827585,0.7011494252873564,4.126436781609195,0.4367816091954023,4.83,169.0,1.8794799651285312,1.763017000362401,17.63,18.79,14.86,21.36,18.11,
134,8477496,Elias Lindholm,C,110,22,48,0,4,1056.99605,BOS,4,2.0,4.0,10.0,22.0,198.0,31.51,311.0,263.0,141.0,44.0,402.0,0.0,0.03636363636363636,0.43636363636363634,0.01818181818181818,0.03636363636363636,0.09090909090909091,1.8,0.28645454545454546,2.827272727272727,2.390909090909091,1.2818181818181817,3.6545454545454548,0.4,5.09,156.0,1.8784056148657853,1.8066480817218056,18.07,18.78,13.08,19.58,16.33,
417,8483515,Juraj Slafkovsk√Ω,L,116,29,47,0,2,1055.58995,MTL,2,5.0,8.0,8.0,29.0,206.0,36.19,341.0,277.0,141.0,30.0,436.0,0.0,0.017241379310344827,0.4051724137931034,0.04310344827586207,0.06896551724137931,0.06896551724137931,1.7758620689655173,0.31198275862068964,2.939655172413793,2.3879310344827585,1.2155172413793103,3.7586206896551726,0.25862068965517243,5.52,136.0,1.8767036308944793,1.8748743759385615,18.75,18.77,11.7,18.21,14.95,True
408,8483431,Logan Cooley,C,104,39,49,0,3,1070.4261999999999,UTA,3,10.0,2.0,17.0,39.0,217.0,27.53,316.0,216.0,107.0,31.0,394.0,0.0,0.028846153846153848,0.47115384615384615,0.09615384615384616,0.019230769230769232,0.16346153846153846,2.0865384615384617,0.2647115384615385,3.0384615384615383,2.076923076923077,1.0288461538461537,3.7884615384615383,0.2980769230769231,7.31,63.0,1.8692763492771536,2.1174596088673567,21.17,18.69,12.4,18.9,15.65,True
217,8478975,Mason Marchment,L,93,29,34,0,6,970.45155,"SEA,CBJ",6,8.0,4.0,11.0,29.0,187.0,24.72,288.0,221.0,97.0,36.0,375.0,0.0,0.06451612903225806,0.3655913978494624,0.08602150537634409,0.043010752688172046,0.11827956989247312,2.010752688172043,0.2658064516129032,3.096774193548387,2.3763440860215055,1.043010752688172,4.032258064516129,0.3870967741935484,6.45,97.0,1.8580135942712834,2.0082140323914683,20.08,18.58,17.26,23.76,20.51,
18,8474150,Mikael Backlund,C,113,24,30,0,4,1077.33495,CGY,4,7.0,3.0,7.0,24.0,259.0,28.39,384.0,231.0,101.0,42.0,495.0,0.0,0.035398230088495575,0.26548672566371684,0.061946902654867256,0.02654867256637168,0.061946902654867256,2.2920353982300883,0.2512389380530973,3.398230088495575,2.0442477876106193,0.8938053097345132,4.380530973451328,0.37168141592920356,3.54,236.0,1.8518796565566467,1.5129270120532565,15.13,18.52,13.36,19.86,16.61,
237,8479400,Pierre-Luc Dubois,L,88,20,46,1,4,984.9939,WSH,3,5.0,1.0,8.0,20.0,151.0,24.86,242.0,203.0,108.0,29.0,307.0,0.011363636363636364,0.03409090909090909,0.5227272727272727,0.056818181818181816,0.011363636363636364,0.09090909090909091,1.7159090909090908,0.2825,2.75,2.3068181818181817,1.2272727272727273,3.4886363636363638,0.32954545454545453,4.32,194.0,1.8487042094245711,1.6714733033535532,16.71,18.49,11.59,18.09,14.84,
387,8482665,Matty Beniers,C,117,24,39,1,3,1161.7341000000001,SEA,2,4.0,8.0,6.0,24.0,210.0,28.36,354.0,274.0,106.0,33.0,466.0,0.008547008547008548,0.017094017094017096,0.3333333333333333,0.03418803418803419,0.06837606837606838,0.05128205128205128,1.794871794871795,0.2423931623931624,3.0256410256410255,2.341880341880342,0.905982905982906,3.982905982905983,0.28205128205128205,4.96,161.0,1.8439305657013598,1.7850704810772584,17.85,18.44,17.1,23.6,20.35,
363,8482113,Anton Lundell,C,115,29,44,0,4,1071.3178,FLA,4,6.0,9.0,6.0,29.0,239.0,28.77,358.0,232.0,109.0,32.0,470.0,0.0,0.034782608695652174,0.3826086956521739,0.05217391304347826,0.0782608695652174,0.05217391304347826,2.0782608695652174,0.25017391304347825,3.1130434782608694,2.017391304347826,0.9478260869565217,4.086956521739131,0.2782608695652174,5.22,149.0,1.8421771716777875,1.827769906751088,18.28,18.42,13.75,20.26,17.01,
56,8475798,Mikael Granlund,C,102,29,52,1,4,1110.2044500000002,ANA,3,4.0,5.0,8.0,29.0,210.0,23.97,303.0,187.0,77.0,41.0,403.0,0.00980392156862745,0.029411764705882353,0.5098039215686274,0.0392156862745098,0.049019607843137254,0.0784313725490196,2.0588235294117645,0.235,2.9705882352941178,1.8333333333333333,0.7549019607843137,3.950980392156863,0.4019607843137255,5.29,147.0,1.8421048712077908,1.8389610707123492,18.39,18.42,13.85,20.35,17.1,
427,8484153,Leo Carlsson,C,112,37,49,3,8,1082.4327,ANA,5,6.0,6.0,14.0,37.0,203.0,26.82,313.0,261.0,118.0,37.0,408.0,0.026785714285714284,0.044642857142857144,0.4375,0.05357142857142857,0.05357142857142857,0.125,1.8125,0.2394642857142857,2.794642857142857,2.330357142857143,1.0535714285714286,3.642857142857143,0.33035714285714285,7.68,52.0,1.8398817717862523,2.1610215286722587,21.61,18.4,12.63,19.13,15.88,True
342,8481656,Aliaksei Protas,C,113,43,47,1,8,1041.6031,WSH,7,18.0,7.0,12.0,43.0,220.0,31.56,344.0,242.0,116.0,24.0,405.0,0.008849557522123894,0.061946902654867256,0.415929203539823,0.1592920353982301,0.061946902654867256,0.10619469026548672,1.9469026548672566,0.27929203539823005,3.0442477876106193,2.1415929203539825,1.0265486725663717,3.584070796460177,0.21238938053097345,6.9,82.0,1.8369211493907933,2.066862759472976,20.67,18.37,9.9,16.4,13.15,True
299,8480849,Barrett Hayton,C,116,24,30,0,7,945.6602499999999,UTA,7,3.0,4.0,11.0,24.0,211.0,38.47,323.0,296.0,180.0,45.0,399.0,0.0,0.0603448275862069,0.25862068965517243,0.02586206896551724,0.034482758620689655,0.09482758620689655,1.8189655172413792,0.33163793103448275,2.7844827586206895,2.5517241379310347,1.5517241379310345,3.439655172413793,0.3879310344827586,5.17,151.0,1.8297880736200431,1.8196988379172965,18.2,18.3,15.52,22.02,18.77,
165,8477998,Warren Foegele,L,110,29,23,0,8,903.3349000000001,LAK,8,3.0,3.0,15.0,29.0,238.0,31.35,362.0,258.0,144.0,45.0,453.0,0.0,0.07272727272727272,0.20909090909090908,0.02727272727272727,0.02727272727272727,0.13636363636363635,2.1636363636363636,0.28500000000000003,3.290909090909091,2.3454545454545452,1.309090909090909,4.118181818181818,0.4090909090909091,6.55,93.0,1.8291206492078986,2.0215475632609334,20.22,18.29,10.62,17.12,13.87,True
126,8477451,Ryan Hartman,R,103,20,21,0,4,931.3217500000001,MIN,4,1.0,3.0,9.0,20.0,231.0,27.48,346.0,232.0,106.0,43.0,455.0,0.0,0.038834951456310676,0.20388349514563106,0.009708737864077669,0.02912621359223301,0.08737864077669903,2.2427184466019416,0.26679611650485435,3.3592233009708736,2.2524271844660193,1.029126213592233,4.41747572815534,0.4174757281553398,4.66,178.0,1.825989977792196,1.7334238922150915,17.33,18.26,13.72,20.22,16.97,
249,8479675,Trevor Moore,L,106,22,30,0,2,982.98125,LAK,2,3.0,1.0,7.0,22.0,216.0,27.54,344.0,221.0,104.0,49.0,450.0,0.0,0.018867924528301886,0.2830188679245283,0.02830188679245283,0.009433962264150943,0.0660377358490566,2.0377358490566038,0.25981132075471697,3.2452830188679247,2.0849056603773586,0.9811320754716981,4.245283018867925,0.46226415094339623,3.02,263.0,1.8254892294623586,1.3912819026309295,13.91,18.25,16.55,23.06,19.81,
322,8481533,Trevor Zegras,C,93,27,42,0,3,1070.6059500000001,PHI,3,6.0,8.0,6.0,27.0,180.0,21.9,283.0,180.0,74.0,32.0,366.0,0.0,0.03225806451612903,0.45161290322580644,0.06451612903225806,0.08602150537634409,0.06451612903225806,1.935483870967742,0.23548387096774193,3.043010752688172,1.935483870967742,0.7956989247311828,3.935483870967742,0.34408602150537637,6.02,114.0,1.8230704844549486,1.9487632180377197,19.49,18.23,16.35,22.86,19.61,
193,8478440,Dylan Strome,C,117,36,73,0,4,1064.91215,WSH,4,6.0,7.0,14.0,36.0,209.0,28.34,297.0,240.0,119.0,45.0,376.0,0.0,0.03418803418803419,0.6239316239316239,0.05128205128205128,0.05982905982905983,0.11965811965811966,1.7863247863247864,0.24222222222222223,2.5384615384615383,2.051282051282051,1.017094017094017,3.213675213675214,0.38461538461538464,7.18,66.0,1.8229473595000725,2.1016921506146558,21.02,18.23,19.58,26.09,22.84,
242,8479525,Ross Colton,C,97,21,22,0,5,821.49795,COL,5,5.0,3.0,7.0,21.0,201.0,29.37,318.0,239.0,120.0,44.0,401.0,0.0,0.05154639175257732,0.2268041237113402,0.05154639175257732,0.030927835051546393,0.07216494845360824,2.0721649484536084,0.3027835051546392,3.2783505154639174,2.463917525773196,1.2371134020618557,4.134020618556701,0.4536082474226804,4.12,207.0,1.8217981955624047,1.6331544390514163,16.33,18.22,17.53,24.03,20.78,
168,8478042,Viktor Arvidsson,L,93,22,20,0,5,877.857,BOS,5,5.0,3.0,8.0,22.0,225.0,23.05,318.0,218.0,76.0,37.0,428.0,0.0,0.053763440860215055,0.21505376344086022,0.053763440860215055,0.03225806451612903,0.08602150537634409,2.4193548387096775,0.2478494623655914,3.4193548387096775,2.3440860215053765,0.8172043010752689,4.602150537634409,0.3978494623655914,4.73,176.0,1.819635979765355,1.7457155307266483,17.46,18.2,13.7,20.21,16.95,
405,8482809,Jackson Blake,R,116,27,29,0,7,928.6944,CAR,7,5.0,5.0,8.0,27.0,218.0,36.35,327.0,298.0,166.0,48.0,396.0,0.0,0.0603448275862069,0.25,0.04310344827586207,0.04310344827586207,0.06896551724137931,1.8793103448275863,0.31336206896551727,2.8189655172413794,2.5689655172413794,1.4310344827586208,3.413793103448276,0.41379310344827586,4.48,188.0,1.8179796914497541,1.7011051009599243,17.01,18.18,16.05,22.55,19.3,
171,8478047,Michael Bunting,L,112,28,29,0,1,905.5811,NSH,1,7.0,4.0,6.0,28.0,217.0,31.34,347.0,254.0,145.0,51.0,452.0,0.0,0.008928571428571428,0.25892857142857145,0.0625,0.03571428571428571,0.05357142857142857,1.9375,0.27982142857142855,3.0982142857142856,2.267857142857143,1.2946428571428572,4.035714285714286,0.45535714285714285,3.57,234.0,1.8140248556741576,1.5195132049061133,15.2,18.14,10.69,17.2,13.95,
75,8476456,Jonathan Huberdeau,L,113,35,46,1,7,1147.63425,CGY,6,7.0,4.0,17.0,35.0,205.0,30.4,287.0,242.0,130.0,28.0,372.0,0.008849557522123894,0.05309734513274336,0.40707964601769914,0.061946902654867256,0.035398230088495575,0.1504424778761062,1.8141592920353982,0.26902654867256637,2.5398230088495577,2.1415929203539825,1.1504424778761062,3.2920353982300883,0.24778761061946902,7.61,55.0,1.8139914116677143,2.152924318439639,21.53,18.14,15.17,21.67,18.42,
163,8477987,Ryan Donato,C,116,40,37,1,5,941.3722,CHI,4,8.0,5.0,14.0,40.0,246.0,29.13,371.0,248.0,120.0,28.0,475.0,0.008620689655172414,0.034482758620689655,0.31896551724137934,0.06896551724137931,0.04310344827586207,0.1206896551724138,2.1206896551724137,0.2511206896551724,3.1982758620689653,2.1379310344827585,1.0344827586206897,4.094827586206897,0.2413793103448276,6.72,88.0,1.81015231932765,2.0438143640366846,20.44,18.1,15.17,21.67,18.42,
362,8482110,Dawson Mercer,C,119,29,31,0,4,1100.43845,NJD,4,9.0,3.0,3.0,29.0,216.0,31.94,322.0,270.0,144.0,50.0,433.0,0.0,0.03361344537815126,0.2605042016806723,0.07563025210084033,0.025210084033613446,0.025210084033613446,1.815126050420168,0.26840336134453785,2.7058823529411766,2.26890756302521,1.2100840336134453,3.638655462184874,0.42016806722689076,2.02,341.0,1.8098471857739424,1.1052568313867783,11.05,18.1,14.23,20.73,17.48,
356,8482079,Marco Rossi,C,104,28,46,2,3,1104.82645,"MIN,VAN",1,5.0,6.0,11.0,28.0,167.0,26.78,259.0,235.0,125.0,41.0,331.0,0.019230769230769232,0.009615384615384616,0.4423076923076923,0.04807692307692308,0.057692307692307696,0.10576923076923077,1.6057692307692308,0.2575,2.4903846153846154,2.2596153846153846,1.2019230769230769,3.1826923076923075,0.3942307692307692,6.92,81.0,1.8085243705944993,2.0693912058263346,20.69,18.09,6.68,13.19,9.93,True
275,8480188,Fabian Zetterlund,L,120,28,29,0,1,933.6726,OTT,1,3.0,5.0,8.0,28.0,247.0,30.28,379.0,287.0,128.0,43.0,485.0,0.0,0.008333333333333333,0.24166666666666667,0.025,0.041666666666666664,0.06666666666666667,2.058333333333333,0.25233333333333335,3.158333333333333,2.3916666666666666,1.0666666666666667,4.041666666666667,0.35833333333333334,4.33,191.0,1.8085093823085008,1.673351238177753,16.73,18.09,14.3,20.81,17.55,
374,8482157,Will Cuylle,L,121,30,38,1,4,973.1179999999999,NYR,3,4.0,11.0,8.0,30.0,227.0,32.37,340.0,267.0,150.0,45.0,437.0,0.008264462809917356,0.024793388429752067,0.3140495867768595,0.03305785123966942,0.09090909090909091,0.06611570247933884,1.8760330578512396,0.2675206611570248,2.809917355371901,2.206611570247934,1.2396694214876034,3.6115702479338845,0.371900826446281,6.45,98.0,1.7969693245209575,2.0082140323914683,20.08,17.97,13.91,20.41,17.16,
429,8484227,Will Smith,C,107,30,44,1,4,1012.9295,SJS,3,1.0,7.0,10.0,30.0,207.0,21.52,304.0,238.0,72.0,33.0,439.0,0.009345794392523364,0.028037383177570093,0.411214953271028,0.009345794392523364,0.06542056074766354,0.09345794392523364,1.9345794392523366,0.2011214953271028,2.8411214953271027,2.2242990654205608,0.6728971962616822,4.102803738317757,0.308411214953271,6.54,95.0,1.7914734883330603,2.020222182019865,20.2,17.91,14.64,21.15,17.9,
28,8475168,Matt Duchene,C,95,32,55,1,7,956.28655,DAL,6,7.0,7.0,9.0,32.0,164.0,23.58,241.0,185.0,80.0,31.0,326.0,0.010526315789473684,0.06315789473684211,0.5789473684210527,0.07368421052631578,0.07368421052631578,0.09473684210526316,1.7263157894736842,0.24821052631578946,2.536842105263158,1.9473684210526316,0.8421052631578947,3.431578947368421,0.3263157894736842,6.95,80.0,1.7720260107824124,2.0731719286662407,20.73,17.72,17.76,24.27,21.02,
361,8482109,Alexis Lafreni√®re,L,121,25,40,0,6,1031.7543,NYR,6,5.0,2.0,11.0,25.0,222.0,27.66,354.0,245.0,118.0,29.0,448.0,0.0,0.049586776859504134,0.3305785123966942,0.04132231404958678,0.01652892561983471,0.09090909090909091,1.834710743801653,0.22859504132231406,2.925619834710744,2.024793388429752,0.9752066115702479,3.7024793388429753,0.2396694214876033,4.3,195.0,1.7640875046790108,1.667706820558076,16.68,17.64,12.65,19.16,15.9,
130,8477479,Tyler Bertuzzi,L,115,39,33,0,2,1029.0247,CHI,2,9.0,3.0,10.0,39.0,199.0,33.38,315.0,237.0,141.0,32.0,370.0,0.0,0.017391304347826087,0.28695652173913044,0.0782608695652174,0.02608695652173913,0.08695652173913043,1.7304347826086957,0.2902608695652174,2.739130434782609,2.0608695652173914,1.2260869565217392,3.217391304347826,0.2782608695652174,4.52,187.0,1.7620201195015865,1.7083778602890038,17.08,17.62,12.36,18.86,15.61,
207,8478542,Evan Rodrigues,C,118,23,27,0,1,966.04535,FLA,1,4.0,7.0,7.0,23.0,241.0,26.67,370.0,233.0,102.0,54.0,489.0,0.0,0.00847457627118644,0.2288135593220339,0.03389830508474576,0.059322033898305086,0.059322033898305086,2.042372881355932,0.2260169491525424,3.135593220338983,1.9745762711864407,0.864406779661017,4.1440677966101696,0.4576271186440678,4.75,173.0,1.7587964231506696,1.749199854809259,17.49,17.59,15.19,21.69,18.44,
162,8477964,Ivan Barbashev,L,105,34,44,1,4,984.0214,VGK,3,8.0,4.0,11.0,34.0,166.0,24.8,262.0,237.0,133.0,28.0,328.0,0.009523809523809525,0.02857142857142857,0.41904761904761906,0.0761904761904762,0.0380952380952381,0.10476190476190476,1.5809523809523809,0.2361904761904762,2.4952380952380953,2.257142857142857,1.2666666666666666,3.123809523809524,0.26666666666666666,5.9,120.0,1.7503158648553643,1.9315214116032138,19.32,17.5,12.22,18.73,15.48,True
82,8476474,Stefan Noesen,R,109,25,22,1,6,837.12255,NJD,5,6.0,3.0,9.0,25.0,207.0,37.11,309.0,232.0,157.0,55.0,362.0,0.009174311926605505,0.045871559633027525,0.2018348623853211,0.05504587155963303,0.027522935779816515,0.08256880733944955,1.8990825688073394,0.3404587155963303,2.834862385321101,2.128440366972477,1.4403669724770642,3.3211009174311927,0.5045871559633027,4.59,182.0,1.7500863562689188,1.7209792871670078,17.21,17.5,13.42,19.92,16.67,
180,8478401,Pavel Zacha,C,119,24,49,3,6,1095.2908499999999,BOS,3,1.0,6.0,8.0,24.0,190.0,29.26,289.0,257.0,120.0,24.0,360.0,0.025210084033613446,0.025210084033613446,0.4117647058823529,0.008403361344537815,0.05042016806722689,0.06722689075630252,1.596638655462185,0.2458823529411765,2.4285714285714284,2.1596638655462184,1.0084033613445378,3.0252100840336134,0.20168067226890757,5.21,150.0,1.7478883727831214,1.8261608959453874,18.26,17.48,10.32,16.82,13.57,True
79,8476461,Sean Couturier,C,114,20,46,1,3,1052.2957999999999,PHI,2,6.0,1.0,7.0,20.0,208.0,26.5,283.0,211.0,117.0,35.0,360.0,0.008771929824561403,0.017543859649122806,0.40350877192982454,0.05263157894736842,0.008771929824561403,0.06140350877192982,1.8245614035087718,0.2324561403508772,2.482456140350877,1.8508771929824561,1.0263157894736843,3.1578947368421053,0.30701754385964913,2.98,266.0,1.7349182890857717,1.3812818192963463,13.81,17.35,12.23,18.74,15.49,
268,8480064,Josh Norris,C,66,25,20,1,6,1061.49285,BUF,5,3.0,5.0,13.0,25.0,113.0,14.98,167.0,146.0,68.0,17.0,215.0,0.015151515151515152,0.07575757575757576,0.30303030303030304,0.045454545454545456,0.07575757575757576,0.19696969696969696,1.7121212121212122,0.226969696969697,2.5303030303030303,2.212121212121212,1.0303030303030303,3.257575757575758,0.25757575757575757,11.21,8.0,1.734527657675896,2.502255288122613,25.02,17.35,11.41,17.92,14.66,True
375,8482159,Tyson Foerster,R,102,35,21,0,4,1029.1622,PHI,4,5.0,8.0,15.0,35.0,183.0,23.44,280.0,224.0,98.0,43.0,362.0,0.0,0.0392156862745098,0.20588235294117646,0.049019607843137254,0.0784313725490196,0.14705882352941177,1.7941176470588236,0.22980392156862747,2.7450980392156863,2.196078431372549,0.9607843137254902,3.549019607843137,0.4215686274509804,9.02,30.0,1.732709540164851,2.3045830956567186,23.05,17.33,12.72,19.22,15.97,True
283,8480459,Pius Suter,C,117,32,28,0,5,1016.5848000000001,STL,5,6.0,5.0,10.0,32.0,199.0,29.32,286.0,250.0,129.0,50.0,375.0,0.0,0.042735042735042736,0.23931623931623933,0.05128205128205128,0.042735042735042736,0.08547008547008547,1.7008547008547008,0.2505982905982906,2.4444444444444446,2.1367521367521367,1.1025641025641026,3.2051282051282053,0.42735042735042733,5.13,154.0,1.7162409406952794,1.81319474994812,18.13,17.16,15.54,22.05,18.79,
372,8482149,Cole Perfetti,C,103,20,37,0,3,897.5621000000001,WPG,3,1.0,2.0,7.0,20.0,176.0,24.27,275.0,212.0,96.0,31.0,360.0,0.0,0.02912621359223301,0.3592233009708738,0.009708737864077669,0.019417475728155338,0.06796116504854369,1.7087378640776698,0.23563106796116504,2.6699029126213594,2.058252427184466,0.9320388349514563,3.495145631067961,0.30097087378640774,3.5,239.0,1.7157568494986315,1.5040773967762742,15.04,17.16,9.47,15.98,12.72,
119,8477416,Oliver Bjorkstrand,R,115,27,35,0,3,885.92155,TBL,3,3.0,5.0,11.0,27.0,213.0,24.91,322.0,232.0,93.0,43.0,439.0,0.0,0.02608695652173913,0.30434782608695654,0.02608695652173913,0.043478260869565216,0.09565217391304348,1.8521739130434782,0.21660869565217392,2.8,2.017391304347826,0.808695652173913,3.8173913043478263,0.3739130434782609,5.57,133.0,1.709946629489423,1.8825138324965192,18.83,17.1,14.34,20.84,17.59,
266,8480028,Morgan Frost,C,118,22,34,1,4,951.0388,CGY,3,1.0,6.0,10.0,22.0,211.0,26.7,296.0,245.0,115.0,39.0,395.0,0.00847457627118644,0.025423728813559324,0.288135593220339,0.00847457627118644,0.05084745762711865,0.0847457627118644,1.7881355932203389,0.22627118644067795,2.5084745762711864,2.0762711864406778,0.9745762711864406,3.347457627118644,0.3305084745762712,5.59,132.0,1.7005649599440447,1.8855533485144158,18.86,17.01,12.01,18.52,15.27,True
380,8482259,Bobby McMann,C,109,30,21,0,7,863.1557,TOR,7,7.0,3.0,12.0,30.0,232.0,24.32,332.0,217.0,98.0,39.0,410.0,0.0,0.06422018348623854,0.1926605504587156,0.06422018348623854,0.027522935779816515,0.11009174311926606,2.128440366972477,0.22311926605504587,3.0458715596330275,1.9908256880733946,0.8990825688073395,3.761467889908257,0.3577981651376147,5.5,138.0,1.6972021928696823,1.8718021769015913,18.72,16.97,14.94,21.45,18.2,
29,8475170,Brayden Schenn,C,120,24,40,2,6,1020.2371,STL,4,3.0,1.0,14.0,24.0,196.0,27.17,296.0,237.0,103.0,34.0,390.0,0.016666666666666666,0.03333333333333333,0.3333333333333333,0.025,0.008333333333333333,0.11666666666666667,1.6333333333333333,0.22641666666666668,2.466666666666667,1.975,0.8583333333333333,3.25,0.2833333333333333,5.33,144.0,1.6954971281002131,1.8453002361560848,18.45,16.95,11.79,18.29,15.04,True
54,8475791,Taylor Hall,L,113,25,34,0,3,876.367,CAR,3,5.0,5.0,7.0,25.0,203.0,23.81,304.0,224.0,93.0,40.0,433.0,0.0,0.02654867256637168,0.3008849557522124,0.04424778761061947,0.04424778761061947,0.061946902654867256,1.7964601769911503,0.2107079646017699,2.690265486725664,1.9823008849557522,0.8230088495575221,3.831858407079646,0.35398230088495575,4.25,199.0,1.6891545743214802,1.6582280766035324,16.58,16.89,13.04,19.55,16.29,
284,8480748,Kiefer Sherwood,L,114,35,25,2,8,971.1869,VAN,6,4.0,11.0,9.0,35.0,221.0,22.72,352.0,204.0,87.0,35.0,447.0,0.017543859649122806,0.05263157894736842,0.21929824561403508,0.03508771929824561,0.09649122807017543,0.07894736842105263,1.9385964912280702,0.19929824561403509,3.087719298245614,1.7894736842105263,0.7631578947368421,3.9210526315789473,0.30701754385964913,7.37,61.0,1.6886482939118026,2.124653884501384,21.25,16.89,15.01,21.51,18.26,
197,8478458,Jack Roslovic,C,106,32,25,2,4,928.6558,EDM,2,5.0,4.0,14.0,32.0,197.0,24.36,304.0,206.0,89.0,25.0,385.0,0.018867924528301886,0.018867924528301886,0.2358490566037736,0.04716981132075472,0.03773584905660377,0.1320754716981132,1.8584905660377358,0.22981132075471697,2.8679245283018866,1.9433962264150944,0.839622641509434,3.6320754716981134,0.2358490566037736,7.17,69.0,1.687683377279607,2.1004689088719113,21.0,16.88,17.16,23.66,20.41,
121,8477426,Nick Paul,L,93,25,24,1,3,953.07695,TBL,2,2.0,4.0,7.0,25.0,168.0,21.32,242.0,183.0,100.0,24.0,310.0,0.010752688172043012,0.021505376344086023,0.25806451612903225,0.021505376344086023,0.043010752688172046,0.07526881720430108,1.8064516129032258,0.229247311827957,2.6021505376344085,1.967741935483871,1.075268817204301,3.3333333333333335,0.25806451612903225,4.95,162.0,1.687102138783814,1.7833912195575383,17.83,16.87,14.98,21.48,18.23,
60,8475848,Brendan Gallagher,R,119,23,27,0,1,803.1626,MTL,1,3.0,5.0,6.0,23.0,203.0,33.86,304.0,253.0,131.0,43.0,413.0,0.0,0.008403361344537815,0.226890756302521,0.025210084033613446,0.04201680672268908,0.05042016806722689,1.7058823529411764,0.2845378151260504,2.5546218487394956,2.1260504201680672,1.1008403361344539,3.4705882352941178,0.36134453781512604,3.7,227.0,1.6786639356213264,1.547562508716013,15.48,16.79,14.25,20.75,17.5,
360,8482097,Jack Quinn,R,110,22,36,0,5,924.82915,BUF,5,5.0,1.0,9.0,22.0,187.0,21.68,315.0,212.0,58.0,32.0,415.0,0.0,0.045454545454545456,0.32727272727272727,0.045454545454545456,0.00909090909090909,0.08181818181818182,1.7,0.1970909090909091,2.8636363636363638,1.9272727272727272,0.5272727272727272,3.772727272727273,0.2909090909090909,3.64,228.0,1.6742129772719123,1.534714366238164,15.35,16.74,13.15,19.66,16.41,
311,8481068,Yegor Sharangovich,C,106,23,20,0,3,958.9738,CGY,3,7.0,2.0,6.0,23.0,184.0,23.24,289.0,210.0,83.0,38.0,404.0,0.0,0.02830188679245283,0.18867924528301888,0.0660377358490566,0.018867924528301886,0.05660377358490566,1.7358490566037736,0.21924528301886792,2.7264150943396226,1.9811320754716981,0.7830188679245284,3.811320754716981,0.3584905660377358,3.02,263.0,1.6740701729190346,1.3912819026309295,13.91,16.74,15.75,22.25,19.0,
12,8473994,Jamie Benn,L,99,23,40,1,4,847.48485,DAL,3,8.0,5.0,5.0,23.0,165.0,23.49,232.0,189.0,114.0,31.0,299.0,0.010101010101010102,0.030303030303030304,0.40404040404040403,0.08080808080808081,0.050505050505050504,0.050505050505050504,1.6666666666666667,0.23727272727272725,2.3434343434343434,1.9090909090909092,1.1515151515151516,3.0202020202020203,0.31313131313131315,4.24,200.0,1.6664037644652308,1.6563214983329508,16.56,16.66,11.66,18.16,14.91,
287,8480797,Joel Farabee,L,118,20,23,0,1,960.9282000000001,CGY,1,7.0,1.0,5.0,20.0,220.0,27.72,291.0,228.0,118.0,45.0,374.0,0.0,0.00847457627118644,0.19491525423728814,0.059322033898305086,0.00847457627118644,0.0423728813559322,1.8644067796610169,0.23491525423728812,2.4661016949152543,1.9322033898305084,1.0,3.169491525423729,0.3813559322033898,2.03,339.0,1.6612728117558542,1.1085626195212777,11.09,16.61,19.3,25.8,22.55,
173,8478109,Victor Olofsson,L,92,22,26,0,6,828.67855,COL,6,5.0,7.0,6.0,22.0,183.0,16.75,251.0,195.0,61.0,30.0,341.0,0.0,0.06521739130434782,0.2826086956521739,0.05434782608695652,0.07608695652173914,0.06521739130434782,1.9891304347826086,0.18206521739130435,2.7282608695652173,2.119565217391304,0.6630434782608695,3.7065217391304346,0.32608695652173914,5.65,129.0,1.6608483803545875,1.8946168546677629,18.95,16.61,12.36,18.87,15.62,True
199,8478463,Anthony Beauvillier,L,118,21,15,0,3,846.51945,WSH,3,2.0,3.0,8.0,21.0,227.0,27.67,317.0,261.0,134.0,40.0,399.0,0.0,0.025423728813559324,0.1271186440677966,0.01694915254237288,0.025423728813559324,0.06779661016949153,1.923728813559322,0.23449152542372884,2.6864406779661016,2.211864406779661,1.1355932203389831,3.3813559322033897,0.3389830508474576,3.73,224.0,1.653989017990416,1.5539252025038417,15.54,16.54,13.47,19.98,16.72,
57,8475799,Nino Niederreiter,R,117,23,29,0,4,864.5895,WPG,4,6.0,5.0,5.0,23.0,197.0,30.42,290.0,213.0,146.0,38.0,363.0,0.0,0.03418803418803419,0.24786324786324787,0.05128205128205128,0.042735042735042736,0.042735042735042736,1.6837606837606838,0.26,2.4786324786324787,1.8205128205128205,1.2478632478632479,3.1025641025641026,0.3247863247863248,3.42,242.0,1.6454900998666369,1.4861396960896067,14.86,16.45,15.24,21.74,18.49,
52,8475784,Jeff Skinner,L,96,20,16,0,1,765.24305,SJS,1,4.0,3.0,8.0,20.0,187.0,22.79,264.0,198.0,94.0,35.0,350.0,0.0,0.010416666666666666,0.16666666666666666,0.041666666666666664,0.03125,0.08333333333333333,1.9479166666666667,0.23739583333333333,2.75,2.0625,0.9791666666666666,3.6458333333333335,0.3645833333333333,4.58,183.0,1.6405710434465355,1.7191887763932197,17.19,16.41,14.39,20.89,17.64,
277,8480220,Noah Cates,L,114,25,32,1,5,988.6955,PHI,4,4.0,8.0,8.0,25.0,176.0,27.41,249.0,208.0,140.0,31.0,317.0,0.008771929824561403,0.03508771929824561,0.2807017543859649,0.03508771929824561,0.07017543859649122,0.07017543859649122,1.543859649122807,0.24043859649122806,2.1842105263157894,1.8245614035087718,1.2280701754385965,2.780701754385965,0.2719298245614035,5.79,124.0,1.6327633745312682,1.9154509415706047,19.15,16.33,10.83,17.34,14.09,True
386,8482660,Kent Johnson,C,103,27,41,0,4,933.08755,CBJ,4,10.0,5.0,7.0,27.0,177.0,18.32,253.0,172.0,57.0,33.0,362.0,0.0,0.038834951456310676,0.39805825242718446,0.0970873786407767,0.04854368932038835,0.06796116504854369,1.7184466019417475,0.17786407766990292,2.4563106796116503,1.6699029126213591,0.5533980582524272,3.5145631067961167,0.32038834951456313,4.66,178.0,1.6294225153024902,1.7334238922150915,17.33,16.29,10.52,17.02,13.77,True
4,8471685,Anze Kopitar,C,113,27,57,0,8,1138.2353,LAK,8,6.0,9.0,10.0,27.0,145.0,23.2,223.0,177.0,102.0,25.0,297.0,0.0,0.07079646017699115,0.504424778761062,0.05309734513274336,0.07964601769911504,0.08849557522123894,1.2831858407079646,0.20530973451327433,1.9734513274336283,1.5663716814159292,0.9026548672566371,2.6283185840707963,0.22123893805309736,6.73,87.0,1.616705942753463,2.0451088625993306,20.45,16.17,13.41,19.92,16.66,True
259,8480009,Eeli Tolvanen,R,116,28,29,0,3,910.8416,SEA,3,5.0,5.0,9.0,28.0,191.0,21.33,300.0,207.0,79.0,23.0,415.0,0.0,0.02586206896551724,0.25,0.04310344827586207,0.04310344827586207,0.07758620689655173,1.646551724137931,0.18387931034482757,2.586206896551724,1.7844827586206897,0.6810344827586207,3.5775862068965516,0.19827586206896552,4.83,168.0,1.5966961423187902,1.763017000362401,17.63,15.97,17.69,24.2,20.95,
69,8476419,Jean-Gabriel Pageau,C,108,20,36,1,3,974.33145,NYI,2,4.0,6.0,4.0,20.0,151.0,24.58,230.0,187.0,97.0,29.0,291.0,0.009259259259259259,0.018518518518518517,0.3333333333333333,0.037037037037037035,0.05555555555555555,0.037037037037037035,1.3981481481481481,0.22759259259259257,2.1296296296296298,1.7314814814814814,0.8981481481481481,2.6944444444444446,0.26851851851851855,3.89,219.0,1.593346422110126,1.5871923034867808,15.87,15.93,8.08,14.59,11.34,True
24,8475149,Marcus Johansson,L,108,22,40,1,5,974.88885,MIN,4,3.0,5.0,8.0,22.0,177.0,17.75,250.0,170.0,72.0,36.0,340.0,0.009259259259259259,0.037037037037037035,0.37037037037037035,0.027777777777777776,0.046296296296296294,0.07407407407407407,1.6388888888888888,0.16435185185185186,2.314814814814815,1.5740740740740742,0.6666666666666666,3.1481481481481484,0.3333333333333333,5.0,159.0,1.5903573571109577,1.791759469228055,17.92,15.9,12.57,19.08,15.83,
10,8473533,Jordan Staal,C,108,23,29,0,3,931.31695,CAR,3,5.0,6.0,9.0,23.0,152.0,22.78,233.0,213.0,114.0,32.0,291.0,0.0,0.027777777777777776,0.26851851851851855,0.046296296296296294,0.05555555555555555,0.08333333333333333,1.4074074074074074,0.21092592592592593,2.1574074074074074,1.9722222222222223,1.0555555555555556,2.6944444444444446,0.2962962962962963,5.56,134.0,1.5881283537074187,1.8809906029559975,18.81,15.88,8.26,14.76,11.51,True
9,8473512,Claude Giroux,R,117,22,53,0,4,1068.216,OTT,4,6.0,3.0,5.0,22.0,197.0,20.29,272.0,163.0,63.0,18.0,342.0,0.0,0.03418803418803419,0.452991452991453,0.05128205128205128,0.02564102564102564,0.042735042735042736,1.6837606837606838,0.17341880341880342,2.324786324786325,1.393162393162393,0.5384615384615384,2.923076923076923,0.15384615384615385,2.74,285.0,1.5874736421803022,1.3190856114264407,13.19,15.87,17.53,24.04,20.78,
411,8483464,Marco Kasper,C,114,22,20,1,3,871.1205,DET,2,5.0,3.0,8.0,22.0,203.0,27.09,290.0,193.0,106.0,30.0,354.0,0.008771929824561403,0.017543859649122806,0.17543859649122806,0.043859649122807015,0.02631578947368421,0.07017543859649122,1.780701754385965,0.23763157894736842,2.543859649122807,1.6929824561403508,0.9298245614035088,3.1052631578947367,0.2631578947368421,4.04,211.0,1.5872153716461914,1.6174060820832772,16.17,15.87,18.22,24.73,21.48,
11,8473986,Alex Killorn,L,119,21,27,1,5,987.9020499999999,ANA,4,2.0,7.0,5.0,21.0,195.0,21.28,294.0,195.0,79.0,38.0,397.0,0.008403361344537815,0.03361344537815126,0.226890756302521,0.01680672268907563,0.058823529411764705,0.04201680672268908,1.638655462184874,0.17882352941176471,2.4705882352941178,1.638655462184874,0.6638655462184874,3.3361344537815127,0.31932773109243695,4.2,203.0,1.5826205486738905,1.6486586255873816,16.49,15.83,11.84,18.34,15.09,
164,8477989,Christian Dvorak,C,117,20,37,0,1,967.0537999999999,PHI,1,3.0,3.0,4.0,20.0,166.0,25.55,253.0,189.0,109.0,38.0,319.0,0.0,0.008547008547008548,0.3162393162393162,0.02564102564102564,0.02564102564102564,0.03418803418803419,1.4188034188034189,0.21837606837606838,2.1623931623931623,1.6153846153846154,0.9316239316239316,2.7264957264957266,0.3247863247863248,2.39,309.0,1.579435191870327,1.220829921392359,12.21,15.79,10.04,16.54,13.29,
338,8481618,Alex Newhook,C,99,21,17,1,5,893.19865,MTL,4,1.0,4.0,12.0,21.0,142.0,19.94,229.0,205.0,96.0,24.0,305.0,0.010101010101010102,0.04040404040404041,0.1717171717171717,0.010101010101010102,0.04040404040404041,0.12121212121212122,1.4343434343434343,0.20141414141414143,2.313131313131313,2.0707070707070705,0.9696969696969697,3.080808080808081,0.24242424242424243,6.67,90.0,1.5676501981154836,2.0373166153791646,20.37,15.68,12.62,19.12,15.87,True
357,8482089,Jake Neighbours,L,108,32,31,1,5,939.80295,STL,4,8.0,7.0,8.0,32.0,158.0,23.63,221.0,195.0,120.0,23.0,268.0,0.009259259259259259,0.037037037037037035,0.28703703703703703,0.07407407407407407,0.06481481481481481,0.07407407407407407,1.462962962962963,0.2187962962962963,2.0462962962962963,1.8055555555555556,1.1111111111111112,2.4814814814814814,0.21296296296296297,5.74,126.0,1.5653191955738524,1.9080599249242156,19.08,15.65,12.25,18.75,15.5,True
201,8478474,Lawson Crouse,L,120,21,12,0,4,883.0682999999999,UTA,4,1.0,4.0,9.0,21.0,189.0,26.81,304.0,237.0,117.0,25.0,376.0,0.0,0.03333333333333333,0.1,0.008333333333333333,0.03333333333333333,0.075,1.575,0.22341666666666665,2.533333333333333,1.975,0.975,3.1333333333333333,0.20833333333333334,4.33,191.0,1.561510770360344,1.673351238177753,16.73,15.62,11.15,17.66,14.41,
46,8475745,Charlie Coyle,C,119,22,35,0,3,1035.36125,CBJ,3,5.0,4.0,8.0,22.0,161.0,23.46,246.0,186.0,101.0,41.0,312.0,0.0,0.025210084033613446,0.29411764705882354,0.04201680672268908,0.03361344537815126,0.06722689075630252,1.3529411764705883,0.19714285714285715,2.0672268907563027,1.5630252100840336,0.8487394957983193,2.6218487394957983,0.3445378151260504,4.03,212.0,1.5502702673648119,1.6154199841116479,16.15,15.5,16.08,22.58,19.33,
227,8479339,Patrik Laine,L,57,20,14,1,5,807.42115,MTL,4,5.0,1.0,9.0,20.0,122.0,10.96,176.0,68.0,15.0,17.0,235.0,0.017543859649122806,0.07017543859649122,0.24561403508771928,0.08771929824561403,0.017543859649122806,0.15789473684210525,2.1403508771929824,0.19228070175438597,3.087719298245614,1.1929824561403508,0.2631578947368421,4.12280701754386,0.2982456140350877,7.37,61.0,1.549805543817457,2.124653884501384,21.25,15.5,9.58,16.08,12.83,True
325,8481553,Bobby Brink,R,115,21,37,0,3,913.64625,PHI,3,3.0,4.0,10.0,21.0,172.0,22.64,247.0,189.0,89.0,24.0,326.0,0.0,0.02608695652173913,0.3217391304347826,0.02608695652173913,0.034782608695652174,0.08695652173913043,1.4956521739130435,0.1968695652173913,2.1478260869565218,1.6434782608695653,0.7739130434782608,2.8347826086956522,0.20869565217391303,4.87,166.0,1.5485525314157342,1.7698546338400052,17.7,15.49,17.16,23.67,20.41,
339,8481624,Ilya Mikheyev,R,114,26,18,0,4,997.0414999999999,CHI,4,4.0,5.0,9.0,26.0,199.0,23.04,265.0,172.0,103.0,34.0,326.0,0.0,0.03508771929824561,0.15789473684210525,0.03508771929824561,0.043859649122807015,0.07894736842105263,1.7456140350877194,0.20210526315789473,2.324561403508772,1.5087719298245614,0.9035087719298246,2.8596491228070176,0.2982456140350877,4.91,163.0,1.5475979622005391,1.776645831418007,17.77,15.48,12.68,19.19,15.93,
418,8483524,Shane Wright,C,114,25,33,1,3,837.75855,SEA,2,0.0,5.0,8.0,25.0,147.0,25.01,242.0,201.0,113.0,31.0,301.0,0.008771929824561403,0.017543859649122806,0.2894736842105263,0.0,0.043859649122807015,0.07017543859649122,1.2894736842105263,0.2193859649122807,2.1228070175438596,1.763157894736842,0.9912280701754386,2.6403508771929824,0.2719298245614035,4.74,175.0,1.5292853071278203,1.747459210331475,17.47,15.29,11.47,17.98,14.72,
14,8474037,James van Riemsdyk,L,102,25,22,0,3,740.5665,DET,3,4.0,4.0,8.0,25.0,141.0,24.55,213.0,184.0,128.0,41.0,256.0,0.0,0.029411764705882353,0.21568627450980393,0.0392156862745098,0.0392156862745098,0.0784313725490196,1.3823529411764706,0.24068627450980393,2.088235294117647,1.803921568627451,1.2549019607843137,2.5098039215686274,0.4019607843137255,4.71,177.0,1.5038064096176456,1.742219023667919,17.42,15.04,10.62,17.13,13.87,True
335,8481601,Simon Holmstrom,R,111,27,34,0,4,982.0994000000001,NYI,4,5.0,2.0,15.0,27.0,132.0,20.05,232.0,176.0,73.0,27.0,292.0,0.0,0.036036036036036036,0.3063063063063063,0.04504504504504504,0.018018018018018018,0.13513513513513514,1.1891891891891893,0.18063063063063065,2.09009009009009,1.5855855855855856,0.6576576576576577,2.630630630630631,0.24324324324324326,6.13,112.0,1.4996750146205855,1.9643112344262046,19.64,15.0,9.54,16.04,12.79,True
0,8470621,Corey Perry,R,111,26,19,0,4,763.2610999999999,LAK,4,3.0,6.0,10.0,26.0,157.0,25.85,239.0,196.0,119.0,36.0,307.0,0.0,0.036036036036036036,0.17117117117117117,0.02702702702702703,0.05405405405405406,0.09009009009009009,1.4144144144144144,0.2328828828828829,2.1531531531531534,1.7657657657657657,1.072072072072072,2.765765765765766,0.32432432432432434,5.77,125.0,1.4953825095298212,1.9125010869241836,19.13,14.95,14.89,21.39,18.14,
290,8480802,Ryan McLeod,C,115,26,47,0,3,1042.87315,BUF,3,7.0,3.0,6.0,26.0,141.0,19.72,218.0,159.0,73.0,23.0,288.0,0.0,0.02608695652173913,0.40869565217391307,0.06086956521739131,0.02608695652173913,0.05217391304347826,1.2260869565217392,0.17147826086956522,1.8956521739130434,1.382608695652174,0.6347826086956522,2.5043478260869567,0.2,3.13,256.0,1.490568922281814,1.4182774069729414,14.18,14.91,11.7,18.21,14.95,
17,8474149,Evgenii Dadonov,L,85,20,20,0,2,737.8,NJD,2,3.0,3.0,9.0,20.0,130.0,18.12,197.0,127.0,80.0,24.0,247.0,0.0,0.023529411764705882,0.23529411764705882,0.03529411764705882,0.03529411764705882,0.10588235294117647,1.5294117647058822,0.2131764705882353,2.3176470588235296,1.4941176470588236,0.9411764705882353,2.9058823529411764,0.2823529411764706,5.65,130.0,1.484078387517277,1.8946168546677629,18.95,14.84,11.45,17.96,14.7,True
108,8477015,Connor Brown,R,112,22,23,1,5,921.84265,NJD,4,7.0,3.0,7.0,22.0,167.0,21.39,239.0,165.0,92.0,22.0,285.0,0.008928571428571428,0.03571428571428571,0.20535714285714285,0.0625,0.026785714285714284,0.0625,1.4910714285714286,0.19098214285714285,2.1339285714285716,1.4732142857142858,0.8214285714285714,2.544642857142857,0.19642857142857142,3.75,223.0,1.4724402690669824,1.55814461804655,15.58,14.72,16.34,22.84,19.59,
96,8476882,Teuvo Teravainen,C,117,21,54,0,1,1080.6123499999999,CHI,1,3.0,4.0,6.0,21.0,151.0,16.65,230.0,139.0,47.0,29.0,312.0,0.0,0.008547008547008548,0.46153846153846156,0.02564102564102564,0.03418803418803419,0.05128205128205128,1.2905982905982907,0.1423076923076923,1.9658119658119657,1.188034188034188,0.4017094017094017,2.6666666666666665,0.24786324786324787,3.42,242.0,1.4703553086417487,1.4861396960896067,14.86,14.7,9.62,16.13,12.87,
230,8479353,Brett Howden,C,111,29,21,1,4,892.1777999999999,VGK,3,6.0,4.0,10.0,29.0,160.0,20.73,237.0,182.0,99.0,16.0,281.0,0.009009009009009009,0.02702702702702703,0.1891891891891892,0.05405405405405406,0.036036036036036036,0.09009009009009009,1.4414414414414414,0.18675675675675676,2.135135135135135,1.6396396396396395,0.8918918918918919,2.5315315315315314,0.14414414414414414,5.23,148.0,1.4669187984716536,1.8293763327993617,18.29,14.67,7.28,13.78,10.53,True
384,8482476,Emil Heineman,L,99,22,14,0,0,822.4282499999999,NYI,0,1.0,3.0,9.0,22.0,141.0,18.25,231.0,171.0,55.0,24.0,313.0,0.0,0.0,0.1414141414141414,0.010101010101010102,0.030303030303030304,0.09090909090909091,1.4242424242424243,0.18434343434343434,2.3333333333333335,1.7272727272727273,0.5555555555555556,3.1616161616161618,0.24242424242424243,4.85,167.0,1.4663450671135105,1.766441661243765,17.66,14.66,8.17,14.68,11.43,True
272,8480113,Alex Iafallo,L,117,21,23,0,3,847.7796000000001,WPG,3,4.0,3.0,8.0,21.0,161.0,24.42,233.0,183.0,120.0,30.0,278.0,0.0,0.02564102564102564,0.19658119658119658,0.03418803418803419,0.02564102564102564,0.06837606837606838,1.376068376068376,0.20871794871794874,1.9914529914529915,1.564102564102564,1.0256410256410255,2.376068376068376,0.2564102564102564,3.76,222.0,1.4558583325906804,1.5602476682433286,15.6,14.56,10.83,17.34,14.09,
332,8481582,Nicholas Robertson,L,103,21,15,0,4,741.4178999999999,TOR,4,4.0,4.0,4.0,21.0,166.0,16.66,252.0,165.0,62.0,27.0,321.0,0.0,0.038834951456310676,0.14563106796116504,0.038834951456310676,0.038834951456310676,0.038834951456310676,1.6116504854368932,0.16174757281553398,2.4466019417475726,1.6019417475728155,0.6019417475728155,3.116504854368932,0.2621359223300971,3.11,258.0,1.431892987384154,1.413423028508143,14.13,14.32,15.0,21.51,18.25,
106,8476981,Josh Anderson,R,118,23,16,0,1,876.0188,MTL,1,3.0,2.0,6.0,23.0,157.0,21.6,235.0,192.0,93.0,28.0,295.0,0.0,0.00847457627118644,0.13559322033898305,0.025423728813559324,0.01694915254237288,0.05084745762711865,1.3305084745762712,0.18305084745762712,1.9915254237288136,1.6271186440677967,0.788135593220339,2.5,0.23728813559322035,2.71,286.0,1.4199460602232108,1.3110318766193438,13.11,14.2,10.59,17.1,13.85,
285,8480762,Eric Robinson,L,112,22,21,0,3,718.752,CAR,3,3.0,4.0,8.0,22.0,148.0,20.25,228.0,194.0,103.0,27.0,292.0,0.0,0.026785714285714284,0.1875,0.026785714285714284,0.03571428571428571,0.07142857142857142,1.3214285714285714,0.18080357142857142,2.0357142857142856,1.7321428571428572,0.9196428571428571,2.607142857142857,0.24107142857142858,4.29,196.0,1.4085922690464776,1.665818245870208,16.66,14.09,10.53,17.03,13.78,
248,8479671,Mathieu Olivier,R,105,21,20,0,6,853.73085,CBJ,6,6.0,0.0,7.0,21.0,140.0,17.5,202.0,148.0,93.0,29.0,263.0,0.0,0.05714285714285714,0.19047619047619047,0.05714285714285714,0.0,0.06666666666666667,1.3333333333333333,0.16666666666666666,1.9238095238095239,1.4095238095238096,0.8857142857142857,2.5047619047619047,0.2761904761904762,2.67,288.0,1.4015822821332127,1.3001916620664788,13.0,14.02,13.42,19.93,16.67,
256,8479999,Casey Mittelstadt,C,109,23,32,0,3,962.0028,BOS,3,3.0,4.0,7.0,23.0,135.0,17.34,199.0,141.0,70.0,17.0,247.0,0.0,0.027522935779816515,0.29357798165137616,0.027522935779816515,0.03669724770642202,0.06422018348623854,1.238532110091743,0.15908256880733945,1.8256880733944953,1.2935779816513762,0.6422018348623854,2.2660550458715596,0.1559633027522936,4.04,210.0,1.3930371795777634,1.6174060820832772,16.17,13.93,9.72,16.22,12.97,
100,8476905,Chandler Stephenson,C,113,22,51,0,1,1189.35345,SEA,1,4.0,6.0,10.0,22.0,130.0,13.88,175.0,122.0,48.0,16.0,221.0,0.0,0.008849557522123894,0.45132743362831856,0.035398230088495575,0.05309734513274336,0.08849557522123894,1.1504424778761062,0.12283185840707965,1.5486725663716814,1.079646017699115,0.4247787610619469,1.9557522123893805,0.1415929203539823,5.66,128.0,1.3605857667473709,1.8961194845522977,18.96,13.61,10.95,17.45,14.2,True
308,8481032,Paul Cotter,L,116,21,11,0,3,765.4156499999999,NJD,3,6.0,1.0,7.0,21.0,128.0,16.9,210.0,158.0,72.0,29.0,284.0,0.0,0.02586206896551724,0.09482758620689655,0.05172413793103448,0.008620689655172414,0.0603448275862069,1.103448275862069,0.14568965517241378,1.8103448275862069,1.3620689655172413,0.6206896551724138,2.4482758620689653,0.25,2.76,283.0,1.255274516995772,1.324418957401803,13.24,12.55,6.48,12.98,9.73,True
214,8478874,Adam Gaudette,R,112,27,11,0,6,674.59215,SJS,6,3.0,4.0,14.0,27.0,134.0,17.4,201.0,163.0,78.0,28.0,278.0,0.0,0.05357142857142857,0.09821428571428571,0.026785714285714284,0.03571428571428571,0.125,1.1964285714285714,0.15535714285714283,1.7946428571428572,1.4553571428571428,0.6964285714285714,2.482142857142857,0.25,6.43,99.0,1.2516316285452591,2.005525858729668,20.06,12.52,10.51,17.01,13.76,True
146,8477919,Freddy Gaudreau,C,104,21,24,0,2,940.2339,SEA,2,0.0,0.0,0.0,0.0,0.0,0.0,0.0,0.0,0.0,0.0,0.0,0.0,0.019230769230769232,0.23076923076923078,0.0,0.0,0.0,0.0,0.0,0.0,0.0,0.0,0.0,0.0,0.0,0.0,-0.02860325016189033,0.0,0.0,-0.29,-4.7,1.81,-1.45,
398,8482737,Zachary Bolduc,R,109,29,24,0,2,805.9172,MTL,2,0.0,0.0,0.0,0.0,0.0,0.0,0.0,0.0,0.0,0.0,0.0,0.0,0.01834862385321101,0.22018348623853212,0.0,0.0,0.0,0.0,0.0,0.0,0.0,0.0,0.0,0.0,0.0,0.0,-0.07490110718628867,0.0,0.0,-0.75,-3.99,2.51,-0.74,
